Company name,Image path,Top-left coord,Bottom-Right coord,Cookies ?
3m,C:\Users\Thomas\Documents\Thesis\Data acqusition\Screenshots\3m.png,-,-,False
53,C:\Users\Thomas\Documents\Thesis\Data acqusition\Screenshots\53.png,-,-,False
Aa,C:\Users\Thomas\Documents\Thesis\Data acqusition\Screenshots\aa.png,-,-,False
Abbott,C:\Users\Thomas\Documents\Thesis\Data acqusition\Screenshots\abbott.png,"(428, 801)","(840, 834)",True
Abbvie,C:\Users\Thomas\Documents\Thesis\Data acqusition\Screenshots\abbvie.png,-,-,False
Abm,C:\Users\Thomas\Documents\Thesis\Data acqusition\Screenshots\abm.png,"(663, 151)","(1183, 167)",True
Aboutcoupang,C:\Users\Thomas\Documents\Thesis\Data acqusition\Screenshots\aboutcoupang.png,-,-,False
Activisionblizzard,C:\Users\Thomas\Documents\Thesis\Data acqusition\Screenshots\activisionblizzard.png,"(31, 1015)","(243, 1031)",True
Adm,C:\Users\Thomas\Documents\Thesis\Data acqusition\Screenshots\adm.png,"(335, 1031)","(381, 1045)",True
Adobe,C:\Users\Thomas\Documents\Thesis\Data acqusition\Screenshots\adobe.png,-,-,False
Adp,C:\Users\Thomas\Documents\Thesis\Data acqusition\Screenshots\adp.png,"(137, 1043)","(327, 1061)",True
Advanceautoparts,C:\Users\Thomas\Documents\Thesis\Data acqusition\Screenshots\advanceautoparts.png,-,-,False
Aes,C:\Users\Thomas\Documents\Thesis\Data acqusition\Screenshots\aes.png,"(126, 934)","(994, 958)",True
Aflac,C:\Users\Thomas\Documents\Thesis\Data acqusition\Screenshots\aflac.png,-,-,False
Agcocorp,C:\Users\Thomas\Documents\Thesis\Data acqusition\Screenshots\agcocorp.png,"(364, 875)","(1512, 899)",True
Aig,C:\Users\Thomas\Documents\Thesis\Data acqusition\Screenshots\aig.png,-,-,False
Airbnb,C:\Users\Thomas\Documents\Thesis\Data acqusition\Screenshots\airbnb.png,-,-,False
Airproducts,C:\Users\Thomas\Documents\Thesis\Data acqusition\Screenshots\airproducts.png,"(101, 1031)","(215, 1047)",True
Ajg,C:\Users\Thomas\Documents\Thesis\Data acqusition\Screenshots\ajg.png,"(501, 933)","(1403, 951)",True
Alaskaair,C:\Users\Thomas\Documents\Thesis\Data acqusition\Screenshots\alaskaair.png,-,-,False
Albemarle,C:\Users\Thomas\Documents\Thesis\Data acqusition\Screenshots\albemarle.png,"(151, 57)","(1435, 73)",True
Albertsons,C:\Users\Thomas\Documents\Thesis\Data acqusition\Screenshots\albertsons.png,-,-,False
Alcoa,C:\Users\Thomas\Documents\Thesis\Data acqusition\Screenshots\alcoa.png,"(103, 1027)","(217, 1043)",True
Allstate,C:\Users\Thomas\Documents\Thesis\Data acqusition\Screenshots\allstate.png,"(359, 873)","(709, 889)",True
Ally,C:\Users\Thomas\Documents\Thesis\Data acqusition\Screenshots\ally.png,-,-,False
Alticeusa,C:\Users\Thomas\Documents\Thesis\Data acqusition\Screenshots\alticeusa.png,-,-,False
Altria,C:\Users\Thomas\Documents\Thesis\Data acqusition\Screenshots\altria.png,-,-,False
Amazon,C:\Users\Thomas\Documents\Thesis\Data acqusition\Screenshots\amazon.png,-,-,False
Amd,C:\Users\Thomas\Documents\Thesis\Data acqusition\Screenshots\amd.png,-,-,False
Ameren,C:\Users\Thomas\Documents\Thesis\Data acqusition\Screenshots\ameren.png,-,-,False
Americanexpress,C:\Users\Thomas\Documents\Thesis\Data acqusition\Screenshots\americanexpress.png,-,-,False
Americantower,C:\Users\Thomas\Documents\Thesis\Data acqusition\Screenshots\americantower.png,"(27, 1007)","(233, 1027)",True
Ameriprise,C:\Users\Thomas\Documents\Thesis\Data acqusition\Screenshots\ameriprise.png,-,-,False
Amerisourcebergen,C:\Users\Thomas\Documents\Thesis\Data acqusition\Screenshots\amerisourcebergen.png,"(397, 915)","(747, 935)",True
Amfam,C:\Users\Thomas\Documents\Thesis\Data acqusition\Screenshots\amfam.png,-,-,False
Amgen,C:\Users\Thomas\Documents\Thesis\Data acqusition\Screenshots\amgen.png,"(273, 891)","(787, 909)",True
Analog,C:\Users\Thomas\Documents\Thesis\Data acqusition\Screenshots\analog.png,"(30, 1014)","(310, 1042)",True
Andersonsinc,C:\Users\Thomas\Documents\Thesis\Data acqusition\Screenshots\andersonsinc.png,"(382, 846)","(1458, 870)",True
Apa,C:\Users\Thomas\Documents\Thesis\Data acqusition\Screenshots\apa.png,-,-,False
Apollo,C:\Users\Thomas\Documents\Thesis\Data acqusition\Screenshots\apollo.png,"(40, 988)","(556, 1012)",True
Apple,C:\Users\Thomas\Documents\Thesis\Data acqusition\Screenshots\apple.png,-,-,False
Appliedmaterials,C:\Users\Thomas\Documents\Thesis\Data acqusition\Screenshots\appliedmaterials.png,"(331, 1008)","(1073, 1027)",True
Aramark,C:\Users\Thomas\Documents\Thesis\Data acqusition\Screenshots\aramark.png,-,-,False
Arconic,C:\Users\Thomas\Documents\Thesis\Data acqusition\Screenshots\arconic.png,"(42, 18)","(1036, 47)",True
Arkocorp,C:\Users\Thomas\Documents\Thesis\Data acqusition\Screenshots\arkocorp.png,-,-,False
Arrow,C:\Users\Thomas\Documents\Thesis\Data acqusition\Screenshots\arrow.png,-,-,False
Asburyauto,C:\Users\Thomas\Documents\Thesis\Data acqusition\Screenshots\asburyauto.png,-,-,False
Assurant,C:\Users\Thomas\Documents\Thesis\Data acqusition\Screenshots\assurant.png,"(342, 840)","(578, 868)",True
Att,C:\Users\Thomas\Documents\Thesis\Data acqusition\Screenshots\att.png,-,-,False
Autoliv,C:\Users\Thomas\Documents\Thesis\Data acqusition\Screenshots\autoliv.png,"(30, 36)","(464, 62)",True
Autonation,C:\Users\Thomas\Documents\Thesis\Data acqusition\Screenshots\autonation.png,-,-,False
Autozone,C:\Users\Thomas\Documents\Thesis\Data acqusition\Screenshots\autozone.png,-,-,False
Avantorsciences,C:\Users\Thomas\Documents\Thesis\Data acqusition\Screenshots\avantorsciences.png,-,-,False
Averydennison,C:\Users\Thomas\Documents\Thesis\Data acqusition\Screenshots\averydennison.png,"(31, 1031)","(211, 1051)",True
Avnet,C:\Users\Thomas\Documents\Thesis\Data acqusition\Screenshots\avnet.png,-,-,False
Bakerhughes,C:\Users\Thomas\Documents\Thesis\Data acqusition\Screenshots\bakerhughes.png,"(663, 151)","(777, 169)",True
Ball,C:\Users\Thomas\Documents\Thesis\Data acqusition\Screenshots\ball.png,"(1544, 722)","(1742, 748)",True
Bankofamerica,C:\Users\Thomas\Documents\Thesis\Data acqusition\Screenshots\bankofamerica.png,-,-,False
Bathandbodyworks,C:\Users\Thomas\Documents\Thesis\Data acqusition\Screenshots\bathandbodyworks.png,"(707, 801)","(1239, 819)",True
Baxter,C:\Users\Thomas\Documents\Thesis\Data acqusition\Screenshots\baxter.png,"(49, 885)","(197, 903)",True
Bc,C:\Users\Thomas\Documents\Thesis\Data acqusition\Screenshots\bc.png,"(22, 1026)","(600, 1050)",True
Bd,C:\Users\Thomas\Documents\Thesis\Data acqusition\Screenshots\bd.png,-,-,False
Becn,C:\Users\Thomas\Documents\Thesis\Data acqusition\Screenshots\becn.png,-,-,False
Bedbathandbeyond,C:\Users\Thomas\Documents\Thesis\Data acqusition\Screenshots\bedbathandbeyond.png,-,-,False
Berkley,C:\Users\Thomas\Documents\Thesis\Data acqusition\Screenshots\berkley.png,"(31, 1031)","(1005, 1050)",True
Berkshirehathaway,C:\Users\Thomas\Documents\Thesis\Data acqusition\Screenshots\berkshirehathaway.png,-,-,False
Berryglobal,C:\Users\Thomas\Documents\Thesis\Data acqusition\Screenshots\berryglobal.png,"(31, 1019)","(211, 1037)",True
Bestbuy,C:\Users\Thomas\Documents\Thesis\Data acqusition\Screenshots\bestbuy.png,-,-,False
Biogen,C:\Users\Thomas\Documents\Thesis\Data acqusition\Screenshots\biogen.png,"(450, 982)","(1454, 1006)",True
Bjs,C:\Users\Thomas\Documents\Thesis\Data acqusition\Screenshots\bjs.png,-,-,False
Blackrock,C:\Users\Thomas\Documents\Thesis\Data acqusition\Screenshots\blackrock.png,"(671, 147)","(1257, 167)",True
Blackstone,C:\Users\Thomas\Documents\Thesis\Data acqusition\Screenshots\blackstone.png,"(31, 1009)","(1407, 1029)",True
Bldr,C:\Users\Thomas\Documents\Thesis\Data acqusition\Screenshots\bldr.png,"(105, 769)","(429, 807)",True
Block,C:\Users\Thomas\Documents\Thesis\Data acqusition\Screenshots\block.png,-,-,False
Bms,C:\Users\Thomas\Documents\Thesis\Data acqusition\Screenshots\bms.png,"(51, 883)","(509, 901)",True
Bnymellon,C:\Users\Thomas\Documents\Thesis\Data acqusition\Screenshots\bnymellon.png,"(31, 931)","(191, 947)",True
Boeing,C:\Users\Thomas\Documents\Thesis\Data acqusition\Screenshots\boeing.png,"(31, 1031)","(993, 1047)",True
Bookingholdings,C:\Users\Thomas\Documents\Thesis\Data acqusition\Screenshots\bookingholdings.png,-,-,False
Boozallen,C:\Users\Thomas\Documents\Thesis\Data acqusition\Screenshots\boozallen.png,-,-,False
Borgwarner,C:\Users\Thomas\Documents\Thesis\Data acqusition\Screenshots\borgwarner.png,"(636, 870)","(838, 894)",True
Bostonscientific,C:\Users\Thomas\Documents\Thesis\Data acqusition\Screenshots\bostonscientific.png,-,-,False
Brighthousefinancial,C:\Users\Thomas\Documents\Thesis\Data acqusition\Screenshots\brighthousefinancial.png,-,-,False
Broadcom,C:\Users\Thomas\Documents\Thesis\Data acqusition\Screenshots\broadcom.png,"(1131, 942)","(1577, 960)",True
Burlington,C:\Users\Thomas\Documents\Thesis\Data acqusition\Screenshots\burlington.png,"(31, 994)","(205, 1012)",True
Caesars,C:\Users\Thomas\Documents\Thesis\Data acqusition\Screenshots\caesars.png,"(31, 1021)","(289, 1037)",True
Campbells,C:\Users\Thomas\Documents\Thesis\Data acqusition\Screenshots\campbells.png,"(841, 931)","(1063, 951)",True
Capitalone,C:\Users\Thomas\Documents\Thesis\Data acqusition\Screenshots\capitalone.png,-,-,False
Cardinalhealth,C:\Users\Thomas\Documents\Thesis\Data acqusition\Screenshots\cardinalhealth.png,-,-,False
Carmax,C:\Users\Thomas\Documents\Thesis\Data acqusition\Screenshots\carmax.png,-,-,False
Carvana,C:\Users\Thomas\Documents\Thesis\Data acqusition\Screenshots\carvana.png,-,-,False
Caseys,C:\Users\Thomas\Documents\Thesis\Data acqusition\Screenshots\caseys.png,-,-,False
Caterpillar,C:\Users\Thomas\Documents\Thesis\Data acqusition\Screenshots\caterpillar.png,"(219, 951)","(1307, 971)",True
Cbrands,C:\Users\Thomas\Documents\Thesis\Data acqusition\Screenshots\cbrands.png,"(671, 151)","(795, 165)",True
Cbre,C:\Users\Thomas\Documents\Thesis\Data acqusition\Screenshots\cbre.png,-,-,False
Cdw,C:\Users\Thomas\Documents\Thesis\Data acqusition\Screenshots\cdw.png,"(31, 1029)","(1039, 1049)",True
Celanese,C:\Users\Thomas\Documents\Thesis\Data acqusition\Screenshots\celanese.png,-,-,False
Centene,C:\Users\Thomas\Documents\Thesis\Data acqusition\Screenshots\centene.png,"(580, 8)","(1288, 32)",True
Cfindustries,C:\Users\Thomas\Documents\Thesis\Data acqusition\Screenshots\cfindustries.png,-,-,False
Charter,C:\Users\Thomas\Documents\Thesis\Data acqusition\Screenshots\charter.png,-,-,False
Cheniere,C:\Users\Thomas\Documents\Thesis\Data acqusition\Screenshots\cheniere.png,-,-,False
Chevron,C:\Users\Thomas\Documents\Thesis\Data acqusition\Screenshots\chevron.png,-,-,False
Chewy,C:\Users\Thomas\Documents\Thesis\Data acqusition\Screenshots\chewy.png,-,-,False
Chipotle,C:\Users\Thomas\Documents\Thesis\Data acqusition\Screenshots\chipotle.png,-,-,False
Chk,C:\Users\Thomas\Documents\Thesis\Data acqusition\Screenshots\chk.png,-,-,False
Chrobinson,C:\Users\Thomas\Documents\Thesis\Data acqusition\Screenshots\chrobinson.png,"(49, 1017)","(995, 1035)",True
Chsinc,C:\Users\Thomas\Documents\Thesis\Data acqusition\Screenshots\chsinc.png,-,-,False
Cigna,C:\Users\Thomas\Documents\Thesis\Data acqusition\Screenshots\cigna.png,-,-,False
Cintas,C:\Users\Thomas\Documents\Thesis\Data acqusition\Screenshots\cintas.png,"(31, 995)","(1023, 1011)",True
Cisco,C:\Users\Thomas\Documents\Thesis\Data acqusition\Screenshots\cisco.png,"(19, 963)","(583, 981)",True
Citigroup,C:\Users\Thomas\Documents\Thesis\Data acqusition\Screenshots\citigroup.png,"(353, 893)","(637, 913)",True
Citizensbank,C:\Users\Thomas\Documents\Thesis\Data acqusition\Screenshots\citizensbank.png,-,-,False
Clevelandcliffs,C:\Users\Thomas\Documents\Thesis\Data acqusition\Screenshots\clevelandcliffs.png,-,-,False
Clr,C:\Users\Thomas\Documents\Thesis\Data acqusition\Screenshots\clr.png,-,-,False
Cmc,C:\Users\Thomas\Documents\Thesis\Data acqusition\Screenshots\cmc.png,"(389, 877)","(587, 893)",True
Cmsenergy,C:\Users\Thomas\Documents\Thesis\Data acqusition\Screenshots\cmsenergy.png,-,-,False
Coca-colacompany,C:\Users\Thomas\Documents\Thesis\Data acqusition\Screenshots\coca-colacompany.png,"(668, 305)","(1178, 330)",True
Cognizant,C:\Users\Thomas\Documents\Thesis\Data acqusition\Screenshots\cognizant.png,"(31, 33)","(209, 49)",True
Colgatepalmolive,C:\Users\Thomas\Documents\Thesis\Data acqusition\Screenshots\colgatepalmolive.png,"(741, 219)","(1163, 237)",True
Comcast,C:\Users\Thomas\Documents\Thesis\Data acqusition\Screenshots\comcast.png,-,-,False
Commscope,C:\Users\Thomas\Documents\Thesis\Data acqusition\Screenshots\commscope.png,"(31, 1019)","(673, 1037)",True
Conagrabrands,C:\Users\Thomas\Documents\Thesis\Data acqusition\Screenshots\conagrabrands.png,"(33, 1030)","(233, 1049)",True
Coned,C:\Users\Thomas\Documents\Thesis\Data acqusition\Screenshots\coned.png,-,-,False
Conocophillips,C:\Users\Thomas\Documents\Thesis\Data acqusition\Screenshots\conocophillips.png,-,-,False
Constellationenergy,C:\Users\Thomas\Documents\Thesis\Data acqusition\Screenshots\constellationenergy.png,"(31, 1030)","(761, 1049)",True
Corning,C:\Users\Thomas\Documents\Thesis\Data acqusition\Screenshots\corning.png,"(31, 1001)","(211, 1021)",True
Corporate,C:\Users\Thomas\Documents\Thesis\Data acqusition\Screenshots\corporate.png,"(359, 1036)","(525, 1054)",True
Corteva,C:\Users\Thomas\Documents\Thesis\Data acqusition\Screenshots\corteva.png,"(261, 921)","(395, 941)",True
Costco,C:\Users\Thomas\Documents\Thesis\Data acqusition\Screenshots\costco.png,-,-,False
Coterra,C:\Users\Thomas\Documents\Thesis\Data acqusition\Screenshots\coterra.png,-,-,False
Crowncork,C:\Users\Thomas\Documents\Thesis\Data acqusition\Screenshots\crowncork.png,"(311, 855)","(695, 875)",True
Cummins,C:\Users\Thomas\Documents\Thesis\Data acqusition\Screenshots\cummins.png,-,-,False
Cvshealth,C:\Users\Thomas\Documents\Thesis\Data acqusition\Screenshots\cvshealth.png,-,-,False
Dana,C:\Users\Thomas\Documents\Thesis\Data acqusition\Screenshots\dana.png,"(775, 297)","(1109, 315)",True
Danaher,C:\Users\Thomas\Documents\Thesis\Data acqusition\Screenshots\danaher.png,"(663, 151)","(827, 165)",True
Darden,C:\Users\Thomas\Documents\Thesis\Data acqusition\Screenshots\darden.png,-,-,False
Davita,C:\Users\Thomas\Documents\Thesis\Data acqusition\Screenshots\davita.png,"(383, 1015)","(987, 1033)",True
Deere,C:\Users\Thomas\Documents\Thesis\Data acqusition\Screenshots\deere.png,"(1128, 876)","(1494, 900)",True
Delekus,C:\Users\Thomas\Documents\Thesis\Data acqusition\Screenshots\delekus.png,-,-,False
Dell,C:\Users\Thomas\Documents\Thesis\Data acqusition\Screenshots\dell.png,"(41, 697)","(317, 713)",True
Delta,C:\Users\Thomas\Documents\Thesis\Data acqusition\Screenshots\delta.png,-,-,False
Devonenergy,C:\Users\Thomas\Documents\Thesis\Data acqusition\Screenshots\devonenergy.png,-,-,False
Diamondbackenergy,C:\Users\Thomas\Documents\Thesis\Data acqusition\Screenshots\diamondbackenergy.png,-,-,False
Dickssportinggoods,C:\Users\Thomas\Documents\Thesis\Data acqusition\Screenshots\dickssportinggoods.png,-,-,False
Discover,C:\Users\Thomas\Documents\Thesis\Data acqusition\Screenshots\discover.png,-,-,False
Dish,C:\Users\Thomas\Documents\Thesis\Data acqusition\Screenshots\dish.png,-,-,False
Dollargeneral,C:\Users\Thomas\Documents\Thesis\Data acqusition\Screenshots\dollargeneral.png,-,-,False
Dollartree,C:\Users\Thomas\Documents\Thesis\Data acqusition\Screenshots\dollartree.png,-,-,False
Dominionenergy,C:\Users\Thomas\Documents\Thesis\Data acqusition\Screenshots\dominionenergy.png,-,-,False
Dovercorporation,C:\Users\Thomas\Documents\Thesis\Data acqusition\Screenshots\dovercorporation.png,-,-,False
Dow,C:\Users\Thomas\Documents\Thesis\Data acqusition\Screenshots\dow.png,"(662, 150)","(946, 176)",True
Drhorton,C:\Users\Thomas\Documents\Thesis\Data acqusition\Screenshots\drhorton.png,-,-,False
Dupont,C:\Users\Thomas\Documents\Thesis\Data acqusition\Screenshots\dupont.png,"(551, 49)","(789, 69)",True
Eastman,C:\Users\Thomas\Documents\Thesis\Data acqusition\Screenshots\eastman.png,"(219, 999)","(1239, 1017)",True
Ebay,C:\Users\Thomas\Documents\Thesis\Data acqusition\Screenshots\ebay.png,"(326, 876)","(1580, 900)",True
Ecolab,C:\Users\Thomas\Documents\Thesis\Data acqusition\Screenshots\ecolab.png,-,-,False
Edwardjones,C:\Users\Thomas\Documents\Thesis\Data acqusition\Screenshots\edwardjones.png,-,-,False
Elcompanies,C:\Users\Thomas\Documents\Thesis\Data acqusition\Screenshots\elcompanies.png,"(129, 907)","(827, 925)",True
Elevancehealth,C:\Users\Thomas\Documents\Thesis\Data acqusition\Screenshots\elevancehealth.png,-,-,False
Emcorgroup,C:\Users\Thomas\Documents\Thesis\Data acqusition\Screenshots\emcorgroup.png,"(673, 1003)","(1231, 1023)",True
Emerson,C:\Users\Thomas\Documents\Thesis\Data acqusition\Screenshots\emerson.png,"(663, 151)","(1063, 167)",True
Energytransfer,C:\Users\Thomas\Documents\Thesis\Data acqusition\Screenshots\energytransfer.png,"(1267, 1035)","(1365, 1053)",True
Enlink,C:\Users\Thomas\Documents\Thesis\Data acqusition\Screenshots\enlink.png,-,-,False
Entergy,C:\Users\Thomas\Documents\Thesis\Data acqusition\Screenshots\entergy.png,-,-,False
Eogresources,C:\Users\Thomas\Documents\Thesis\Data acqusition\Screenshots\eogresources.png,-,-,False
Eqt,C:\Users\Thomas\Documents\Thesis\Data acqusition\Screenshots\eqt.png,-,-,False
Equinix,C:\Users\Thomas\Documents\Thesis\Data acqusition\Screenshots\equinix.png,-,-,False
Erieinsurance,C:\Users\Thomas\Documents\Thesis\Data acqusition\Screenshots\erieinsurance.png,-,-,False
Eversource,C:\Users\Thomas\Documents\Thesis\Data acqusition\Screenshots\eversource.png,-,-,False
Exeloncorp,C:\Users\Thomas\Documents\Thesis\Data acqusition\Screenshots\exeloncorp.png,-,-,False
Expediagroup,C:\Users\Thomas\Documents\Thesis\Data acqusition\Screenshots\expediagroup.png,-,-,False
Expeditors,C:\Users\Thomas\Documents\Thesis\Data acqusition\Screenshots\expeditors.png,"(540, 866)","(902, 894)",True
Exxonmobil,C:\Users\Thomas\Documents\Thesis\Data acqusition\Screenshots\exxonmobil.png,"(663, 151)","(811, 165)",True
Facebook,C:\Users\Thomas\Documents\Thesis\Data acqusition\Screenshots\facebook.png,"(625, 212)","(1265, 250)",True
Fanniemae,C:\Users\Thomas\Documents\Thesis\Data acqusition\Screenshots\fanniemae.png,"(31, 1021)","(163, 1035)",True
Farmers,C:\Users\Thomas\Documents\Thesis\Data acqusition\Screenshots\farmers.png,-,-,False
Fbin,C:\Users\Thomas\Documents\Thesis\Data acqusition\Screenshots\fbin.png,"(281, 955)","(527, 973)",True
Fcx,C:\Users\Thomas\Documents\Thesis\Data acqusition\Screenshots\fcx.png,-,-,False
Fedex,C:\Users\Thomas\Documents\Thesis\Data acqusition\Screenshots\fedex.png,-,-,False
Firstam,C:\Users\Thomas\Documents\Thesis\Data acqusition\Screenshots\firstam.png,-,-,False
Fiserv,C:\Users\Thomas\Documents\Thesis\Data acqusition\Screenshots\fiserv.png,"(493, 106)","(1151, 127)",True
Fisglobal,C:\Users\Thomas\Documents\Thesis\Data acqusition\Screenshots\fisglobal.png,"(31, 957)","(1039, 977)",True
Fluor,C:\Users\Thomas\Documents\Thesis\Data acqusition\Screenshots\fluor.png,"(31, 1013)","(1029, 1033)",True
Footlocker,C:\Users\Thomas\Documents\Thesis\Data acqusition\Screenshots\footlocker.png,-,-,False
Ford,C:\Users\Thomas\Documents\Thesis\Data acqusition\Screenshots\ford.png,-,-,False
Foxnews,C:\Users\Thomas\Documents\Thesis\Data acqusition\Screenshots\foxnews.png,-,-,False
Franklinresources,C:\Users\Thomas\Documents\Thesis\Data acqusition\Screenshots\franklinresources.png,"(710, 503)","(1168, 529)",True
Gap,C:\Users\Thomas\Documents\Thesis\Data acqusition\Screenshots\gap.png,-,-,False
Gd,C:\Users\Thomas\Documents\Thesis\Data acqusition\Screenshots\gd.png,"(492, 998)","(1322, 1022)",True
Ge,C:\Users\Thomas\Documents\Thesis\Data acqusition\Screenshots\ge.png,"(99, 1041)","(1261, 1059)",True
Generalmills,C:\Users\Thomas\Documents\Thesis\Data acqusition\Screenshots\generalmills.png,"(33, 1029)","(1019, 1049)",True
Genpt,C:\Users\Thomas\Documents\Thesis\Data acqusition\Screenshots\genpt.png,"(135, 1031)","(1009, 1049)",True
Genworth,C:\Users\Thomas\Documents\Thesis\Data acqusition\Screenshots\genworth.png,-,-,False
Gilead,C:\Users\Thomas\Documents\Thesis\Data acqusition\Screenshots\gilead.png,"(28, 956)","(156, 980)",True
Globalp,C:\Users\Thomas\Documents\Thesis\Data acqusition\Screenshots\globalp.png,"(523, 895)","(1381, 914)",True
Globalpayments,C:\Users\Thomas\Documents\Thesis\Data acqusition\Screenshots\globalpayments.png,-,-,False
Gm,C:\Users\Thomas\Documents\Thesis\Data acqusition\Screenshots\gm.png,-,-,False
Goldmansachs,C:\Users\Thomas\Documents\Thesis\Data acqusition\Screenshots\goldmansachs.png,"(807, 179)","(1089, 197)",True
Goodyear,C:\Users\Thomas\Documents\Thesis\Data acqusition\Screenshots\goodyear.png,"(31, 1029)","(1043, 1050)",True
Grainger,C:\Users\Thomas\Documents\Thesis\Data acqusition\Screenshots\grainger.png,-,-,False
Graphicpkg,C:\Users\Thomas\Documents\Thesis\Data acqusition\Screenshots\graphicpkg.png,"(1537, 783)","(1719, 803)",True
Graybar,C:\Users\Thomas\Documents\Thesis\Data acqusition\Screenshots\graybar.png,-,-,False
Group1auto,C:\Users\Thomas\Documents\Thesis\Data acqusition\Screenshots\group1auto.png,-,-,False
Guardianlife,C:\Users\Thomas\Documents\Thesis\Data acqusition\Screenshots\guardianlife.png,"(357, 1013)","(1009, 1031)",True
Halliburton,C:\Users\Thomas\Documents\Thesis\Data acqusition\Screenshots\halliburton.png,"(1588, 758)","(1832, 782)",True
Henryschein,C:\Users\Thomas\Documents\Thesis\Data acqusition\Screenshots\henryschein.png,-,-,False
Hertz,C:\Users\Thomas\Documents\Thesis\Data acqusition\Screenshots\hertz.png,-,-,False
Hess,C:\Users\Thomas\Documents\Thesis\Data acqusition\Screenshots\hess.png,-,-,False
Hfsinclair,C:\Users\Thomas\Documents\Thesis\Data acqusition\Screenshots\hfsinclair.png,-,-,False
Hilton,C:\Users\Thomas\Documents\Thesis\Data acqusition\Screenshots\hilton.png,"(441, 903)","(1007, 923)",True
Homedepot,C:\Users\Thomas\Documents\Thesis\Data acqusition\Screenshots\homedepot.png,-,-,False
Honeywell,C:\Users\Thomas\Documents\Thesis\Data acqusition\Screenshots\honeywell.png,-,-,False
Hormelfoods,C:\Users\Thomas\Documents\Thesis\Data acqusition\Screenshots\hormelfoods.png,-,-,False
Hp,C:\Users\Thomas\Documents\Thesis\Data acqusition\Screenshots\hp.png,"(587, 186)","(1313, 203)",True
Hpe,C:\Users\Thomas\Documents\Thesis\Data acqusition\Screenshots\hpe.png,-,-,False
Humana,C:\Users\Thomas\Documents\Thesis\Data acqusition\Screenshots\humana.png,-,-,False
Huntington,C:\Users\Thomas\Documents\Thesis\Data acqusition\Screenshots\huntington.png,-,-,False
Huntsman,C:\Users\Thomas\Documents\Thesis\Data acqusition\Screenshots\huntsman.png,"(29, 1011)","(217, 1031)",True
Ibm,C:\Users\Thomas\Documents\Thesis\Data acqusition\Screenshots\ibm.png,"(33, 937)","(205, 953)",True
Ielp,C:\Users\Thomas\Documents\Thesis\Data acqusition\Screenshots\ielp.png,-,-,False
Iff,C:\Users\Thomas\Documents\Thesis\Data acqusition\Screenshots\iff.png,"(111, 969)","(951, 990)",True
Ingredion,C:\Users\Thomas\Documents\Thesis\Data acqusition\Screenshots\ingredion.png,"(772, 58)","(1134, 82)",True
Insight,C:\Users\Thomas\Documents\Thesis\Data acqusition\Screenshots\insight.png,"(663, 149)","(899, 169)",True
Intel,C:\Users\Thomas\Documents\Thesis\Data acqusition\Screenshots\intel.png,"(1315, 1021)","(1421, 1035)",True
Internationalpaper,C:\Users\Thomas\Documents\Thesis\Data acqusition\Screenshots\internationalpaper.png,"(115, 945)","(227, 961)",True
Interpublic,C:\Users\Thomas\Documents\Thesis\Data acqusition\Screenshots\interpublic.png,"(69, 979)","(747, 997)",True
Intuit,C:\Users\Thomas\Documents\Thesis\Data acqusition\Screenshots\intuit.png,-,-,False
Iqvia,C:\Users\Thomas\Documents\Thesis\Data acqusition\Screenshots\iqvia.png,"(363, 961)","(697, 975)",True
Itw,C:\Users\Thomas\Documents\Thesis\Data acqusition\Screenshots\itw.png,"(1551, 809)","(1823, 829)",True
Jabil,C:\Users\Thomas\Documents\Thesis\Data acqusition\Screenshots\jabil.png,-,-,False
Jackson,C:\Users\Thomas\Documents\Thesis\Data acqusition\Screenshots\jackson.png,"(18, 994)","(1034, 1022)",True
Jacobs,C:\Users\Thomas\Documents\Thesis\Data acqusition\Screenshots\jacobs.png,"(29, 983)","(172, 1010)",True
Jbhunt,C:\Users\Thomas\Documents\Thesis\Data acqusition\Screenshots\jbhunt.png,"(31, 1030)","(211, 1047)",True
Jetblue,C:\Users\Thomas\Documents\Thesis\Data acqusition\Screenshots\jetblue.png,"(603, 104)","(1045, 148)",True
Jmsmucker,C:\Users\Thomas\Documents\Thesis\Data acqusition\Screenshots\jmsmucker.png,"(663, 213)","(1209, 233)",True
Jnj,C:\Users\Thomas\Documents\Thesis\Data acqusition\Screenshots\jnj.png,"(971, 181)","(1083, 193)",True
Jpmorganchase,C:\Users\Thomas\Documents\Thesis\Data acqusition\Screenshots\jpmorganchase.png,"(31, 1034)","(209, 1051)",True
Kelloggs,C:\Users\Thomas\Documents\Thesis\Data acqusition\Screenshots\kelloggs.png,-,-,False
Keurigdrpepper,C:\Users\Thomas\Documents\Thesis\Data acqusition\Screenshots\keurigdrpepper.png,-,-,False
Keycorpltd,C:\Users\Thomas\Documents\Thesis\Data acqusition\Screenshots\keycorpltd.png,-,-,False
Kiewit,C:\Users\Thomas\Documents\Thesis\Data acqusition\Screenshots\kiewit.png,-,-,False
Kindermorgan,C:\Users\Thomas\Documents\Thesis\Data acqusition\Screenshots\kindermorgan.png,"(511, 513)","(671, 527)",True
Kkr,C:\Users\Thomas\Documents\Thesis\Data acqusition\Screenshots\kkr.png,"(663, 172)","(1241, 189)",True
Kla,C:\Users\Thomas\Documents\Thesis\Data acqusition\Screenshots\kla.png,"(31, 1020)","(215, 1037)",True
Knight-swift,C:\Users\Thomas\Documents\Thesis\Data acqusition\Screenshots\knight-swift.png,"(674, 191)","(968, 221)",True
Kohls,C:\Users\Thomas\Documents\Thesis\Data acqusition\Screenshots\kohls.png,-,-,False
Kraftheinzcompany,C:\Users\Thomas\Documents\Thesis\Data acqusition\Screenshots\kraftheinzcompany.png,"(39, 759)","(123, 779)",True
Kroger,C:\Users\Thomas\Documents\Thesis\Data acqusition\Screenshots\kroger.png,-,-,False
Kyndryl,C:\Users\Thomas\Documents\Thesis\Data acqusition\Screenshots\kyndryl.png,"(669, 53)","(891, 71)",True
L3harris,C:\Users\Thomas\Documents\Thesis\Data acqusition\Screenshots\l3harris.png,"(389, 31)","(623, 51)",True
Labcorp,C:\Users\Thomas\Documents\Thesis\Data acqusition\Screenshots\labcorp.png,"(28, 956)","(164, 980)",True
Lamresearch,C:\Users\Thomas\Documents\Thesis\Data acqusition\Screenshots\lamresearch.png,"(31, 1031)","(223, 1049)",True
Landolakesinc,C:\Users\Thomas\Documents\Thesis\Data acqusition\Screenshots\landolakesinc.png,"(504, 916)","(1086, 940)",True
Landstar,C:\Users\Thomas\Documents\Thesis\Data acqusition\Screenshots\landstar.png,-,-,False
Lear,C:\Users\Thomas\Documents\Thesis\Data acqusition\Screenshots\lear.png,"(451, 997)","(985, 1015)",True
Leidos,C:\Users\Thomas\Documents\Thesis\Data acqusition\Screenshots\leidos.png,"(159, 1013)","(1037, 1032)",True
Lennar,C:\Users\Thomas\Documents\Thesis\Data acqusition\Screenshots\lennar.png,-,-,False
Lfg,C:\Users\Thomas\Documents\Thesis\Data acqusition\Screenshots\lfg.png,-,-,False
Libertymedia,C:\Users\Thomas\Documents\Thesis\Data acqusition\Screenshots\libertymedia.png,-,-,False
Libertymutualgroup,C:\Users\Thomas\Documents\Thesis\Data acqusition\Screenshots\libertymutualgroup.png,-,-,False
Lilly,C:\Users\Thomas\Documents\Thesis\Data acqusition\Screenshots\lilly.png,"(703, 515)","(1281, 533)",True
Lithia,C:\Users\Thomas\Documents\Thesis\Data acqusition\Screenshots\lithia.png,"(241, 1013)","(361, 1031)",True
Livenationentertainment,C:\Users\Thomas\Documents\Thesis\Data acqusition\Screenshots\livenationentertainment.png,-,-,False
Lkqcorp,C:\Users\Thomas\Documents\Thesis\Data acqusition\Screenshots\lkqcorp.png,"(1097, 873)","(1235, 891)",True
Lockheedmartin,C:\Users\Thomas\Documents\Thesis\Data acqusition\Screenshots\lockheedmartin.png,"(493, 15)","(1175, 33)",True
Lowes,C:\Users\Thomas\Documents\Thesis\Data acqusition\Screenshots\lowes.png,-,-,False
Lpl,C:\Users\Thomas\Documents\Thesis\Data acqusition\Screenshots\lpl.png,-,-,False
Lululemon,C:\Users\Thomas\Documents\Thesis\Data acqusition\Screenshots\lululemon.png,-,-,False
Lumen,C:\Users\Thomas\Documents\Thesis\Data acqusition\Screenshots\lumen.png,"(121, 785)","(247, 801)",True
Macys,C:\Users\Thomas\Documents\Thesis\Data acqusition\Screenshots\macys.png,-,-,False
Manpowergroup,C:\Users\Thomas\Documents\Thesis\Data acqusition\Screenshots\manpowergroup.png,"(704, 248)","(1016, 274)",True
Marathonoil,C:\Users\Thomas\Documents\Thesis\Data acqusition\Screenshots\marathonoil.png,-,-,False
Marathonpetroleum,C:\Users\Thomas\Documents\Thesis\Data acqusition\Screenshots\marathonpetroleum.png,-,-,False
Markel,C:\Users\Thomas\Documents\Thesis\Data acqusition\Screenshots\markel.png,"(1145, 877)","(1349, 897)",True
Marriott,C:\Users\Thomas\Documents\Thesis\Data acqusition\Screenshots\marriott.png,"(115, 1001)","(641, 1019)",True
Marsh,C:\Users\Thomas\Documents\Thesis\Data acqusition\Screenshots\marsh.png,"(351, 893)","(533, 909)",True
Massmutual,C:\Users\Thomas\Documents\Thesis\Data acqusition\Screenshots\massmutual.png,-,-,False
Mastercard,C:\Users\Thomas\Documents\Thesis\Data acqusition\Screenshots\mastercard.png,"(637, 473)","(777, 489)",True
Mcdonalds,C:\Users\Thomas\Documents\Thesis\Data acqusition\Screenshots\mcdonalds.png,"(31, 999)","(535, 1015)",True
Mckesson,C:\Users\Thomas\Documents\Thesis\Data acqusition\Screenshots\mckesson.png,"(663, 149)","(943, 169)",True
Merck,C:\Users\Thomas\Documents\Thesis\Data acqusition\Screenshots\merck.png,"(511, 151)","(861, 165)",True
Metlife,C:\Users\Thomas\Documents\Thesis\Data acqusition\Screenshots\metlife.png,-,-,False
Mgmresorts,C:\Users\Thomas\Documents\Thesis\Data acqusition\Screenshots\mgmresorts.png,-,-,False
Micron,C:\Users\Thomas\Documents\Thesis\Data acqusition\Screenshots\micron.png,"(41, 783)","(225, 803)",True
Microsoft,C:\Users\Thomas\Documents\Thesis\Data acqusition\Screenshots\microsoft.png,"(143, 8)","(477, 27)",True
Modernatx,C:\Users\Thomas\Documents\Thesis\Data acqusition\Screenshots\modernatx.png,"(660, 458)","(920, 488)",True
Molinahealthcare,C:\Users\Thomas\Documents\Thesis\Data acqusition\Screenshots\molinahealthcare.png,-,-,False
Molsoncoors,C:\Users\Thomas\Documents\Thesis\Data acqusition\Screenshots\molsoncoors.png,"(770, 58)","(1136, 82)",True
Mondelezinternational,C:\Users\Thomas\Documents\Thesis\Data acqusition\Screenshots\mondelezinternational.png,"(31, 1013)","(1043, 1032)",True
Morganstanley,C:\Users\Thomas\Documents\Thesis\Data acqusition\Screenshots\morganstanley.png,"(31, 869)","(237, 887)",True
Mosaicco,C:\Users\Thomas\Documents\Thesis\Data acqusition\Screenshots\mosaicco.png,"(22, 880)","(1352, 906)",True
Motorolasolutions,C:\Users\Thomas\Documents\Thesis\Data acqusition\Screenshots\motorolasolutions.png,"(550, 66)","(832, 92)",True
Mtb,C:\Users\Thomas\Documents\Thesis\Data acqusition\Screenshots\mtb.png,-,-,False
Murphyusa,C:\Users\Thomas\Documents\Thesis\Data acqusition\Screenshots\murphyusa.png,-,-,False
Mutualofomaha,C:\Users\Thomas\Documents\Thesis\Data acqusition\Screenshots\mutualofomaha.png,-,-,False
Nationwide,C:\Users\Thomas\Documents\Thesis\Data acqusition\Screenshots\nationwide.png,"(15, 957)","(935, 976)",True
Ncr,C:\Users\Thomas\Documents\Thesis\Data acqusition\Screenshots\ncr.png,-,-,False
Netflix,C:\Users\Thomas\Documents\Thesis\Data acqusition\Screenshots\netflix.png,"(263, 113)","(883, 129)",True
Newellbrands,C:\Users\Thomas\Documents\Thesis\Data acqusition\Screenshots\newellbrands.png,"(23, 915)","(805, 935)",True
Newyorklife,C:\Users\Thomas\Documents\Thesis\Data acqusition\Screenshots\newyorklife.png,-,-,False
Nexteraenergy,C:\Users\Thomas\Documents\Thesis\Data acqusition\Screenshots\nexteraenergy.png,-,-,False
Nglenergypartners,C:\Users\Thomas\Documents\Thesis\Data acqusition\Screenshots\nglenergypartners.png,"(489, 1040)","(1367, 1060)",True
Nike,C:\Users\Thomas\Documents\Thesis\Data acqusition\Screenshots\nike.png,"(736, 106)","(955, 146)",True
Nordstrom,C:\Users\Thomas\Documents\Thesis\Data acqusition\Screenshots\nordstrom.png,-,-,False
Northerntrust,C:\Users\Thomas\Documents\Thesis\Data acqusition\Screenshots\northerntrust.png,-,-,False
Northropgrumman,C:\Users\Thomas\Documents\Thesis\Data acqusition\Screenshots\northropgrumman.png,"(1265, 1029)","(1365, 1047)",True
Northwesternmutual,C:\Users\Thomas\Documents\Thesis\Data acqusition\Screenshots\northwesternmutual.png,"(31, 1013)","(1045, 1031)",True
Nrg,C:\Users\Thomas\Documents\Thesis\Data acqusition\Screenshots\nrg.png,-,-,False
Nucor,C:\Users\Thomas\Documents\Thesis\Data acqusition\Screenshots\nucor.png,-,-,False
Nvidia,C:\Users\Thomas\Documents\Thesis\Data acqusition\Screenshots\nvidia.png,"(319, 985)","(987, 1006)",True
Officedepot,C:\Users\Thomas\Documents\Thesis\Data acqusition\Screenshots\officedepot.png,-,-,False
Oldrepublic,C:\Users\Thomas\Documents\Thesis\Data acqusition\Screenshots\oldrepublic.png,-,-,False
Omnicomgroup,C:\Users\Thomas\Documents\Thesis\Data acqusition\Screenshots\omnicomgroup.png,-,-,False
Oneok,C:\Users\Thomas\Documents\Thesis\Data acqusition\Screenshots\oneok.png,-,-,False
Onsemi,C:\Users\Thomas\Documents\Thesis\Data acqusition\Screenshots\onsemi.png,"(1131, 267)","(1247, 281)",True
Opendoor,C:\Users\Thomas\Documents\Thesis\Data acqusition\Screenshots\opendoor.png,-,-,False
Oracle,C:\Users\Thomas\Documents\Thesis\Data acqusition\Screenshots\oracle.png,"(544, 48)","(922, 74)",True
Oreillyauto,C:\Users\Thomas\Documents\Thesis\Data acqusition\Screenshots\oreillyauto.png,"(11, 1039)","(971, 1057)",True
Oshkosh,C:\Users\Thomas\Documents\Thesis\Data acqusition\Screenshots\oshkosh.png,-,-,False
Otis,C:\Users\Thomas\Documents\Thesis\Data acqusition\Screenshots\otis.png,"(29, 23)","(203, 43)",True
Ovintiv,C:\Users\Thomas\Documents\Thesis\Data acqusition\Screenshots\ovintiv.png,-,-,False
Owens,C:\Users\Thomas\Documents\Thesis\Data acqusition\Screenshots\owens.png,-,-,False
Owenscorning,C:\Users\Thomas\Documents\Thesis\Data acqusition\Screenshots\owenscorning.png,"(26, 1032)","(600, 1056)",True
Oxy,C:\Users\Thomas\Documents\Thesis\Data acqusition\Screenshots\oxy.png,"(105, 1035)","(1027, 1053)",True
Paccar,C:\Users\Thomas\Documents\Thesis\Data acqusition\Screenshots\paccar.png,"(389, 921)","(587, 939)",True
Pacificlife,C:\Users\Thomas\Documents\Thesis\Data acqusition\Screenshots\pacificlife.png,"(72, 1017)","(628, 1044)",True
Packagingcorp,C:\Users\Thomas\Documents\Thesis\Data acqusition\Screenshots\packagingcorp.png,"(389, 897)","(587, 915)",True
Paramount,C:\Users\Thomas\Documents\Thesis\Data acqusition\Screenshots\paramount.png,"(41, 785)","(365, 803)",True
Parker,C:\Users\Thomas\Documents\Thesis\Data acqusition\Screenshots\parker.png,-,-,False
Parpacific,C:\Users\Thomas\Documents\Thesis\Data acqusition\Screenshots\parpacific.png,"(647, 419)","(1111, 458)",True
Paypal,C:\Users\Thomas\Documents\Thesis\Data acqusition\Screenshots\paypal.png,"(259, 1001)","(355, 1017)",True
Pbfenergy,C:\Users\Thomas\Documents\Thesis\Data acqusition\Screenshots\pbfenergy.png,-,-,False
Penskeautomotive,C:\Users\Thomas\Documents\Thesis\Data acqusition\Screenshots\penskeautomotive.png,"(155, 961)","(1273, 981)",True
Pepsico,C:\Users\Thomas\Documents\Thesis\Data acqusition\Screenshots\pepsico.png,-,-,False
Pfgc,C:\Users\Thomas\Documents\Thesis\Data acqusition\Screenshots\pfgc.png,"(32, 954)","(1870, 984)",True
Pfizer,C:\Users\Thomas\Documents\Thesis\Data acqusition\Screenshots\pfizer.png,"(31, 55)","(1041, 75)",True
Pg,C:\Users\Thomas\Documents\Thesis\Data acqusition\Screenshots\pg.png,"(1799, 1047)","(1893, 1063)",True
Pgecorp,C:\Users\Thomas\Documents\Thesis\Data acqusition\Screenshots\pgecorp.png,"(31, 1031)","(589, 1049)",True
Phillips66,C:\Users\Thomas\Documents\Thesis\Data acqusition\Screenshots\phillips66.png,"(101, 1031)","(215, 1047)",True
Plains,C:\Users\Thomas\Documents\Thesis\Data acqusition\Screenshots\plains.png,-,-,False
Pmi,C:\Users\Thomas\Documents\Thesis\Data acqusition\Screenshots\pmi.png,"(661, 151)","(1251, 167)",True
Pnc,C:\Users\Thomas\Documents\Thesis\Data acqusition\Screenshots\pnc.png,-,-,False
Polaris,C:\Users\Thomas\Documents\Thesis\Data acqusition\Screenshots\polaris.png,"(11, 1019)","(1059, 1039)",True
Ppg,C:\Users\Thomas\Documents\Thesis\Data acqusition\Screenshots\ppg.png,-,-,False
Pplindia,C:\Users\Thomas\Documents\Thesis\Data acqusition\Screenshots\pplindia.png,-,-,False
Principal,C:\Users\Thomas\Documents\Thesis\Data acqusition\Screenshots\principal.png,"(28, 950)","(206, 976)",True
Progressive,C:\Users\Thomas\Documents\Thesis\Data acqusition\Screenshots\progressive.png,-,-,False
Prudential,C:\Users\Thomas\Documents\Thesis\Data acqusition\Screenshots\prudential.png,-,-,False
Pseg,C:\Users\Thomas\Documents\Thesis\Data acqusition\Screenshots\pseg.png,-,-,False
Publix,C:\Users\Thomas\Documents\Thesis\Data acqusition\Screenshots\publix.png,-,-,False
Pultegroupinc,C:\Users\Thomas\Documents\Thesis\Data acqusition\Screenshots\pultegroupinc.png,-,-,False
Pvh,C:\Users\Thomas\Documents\Thesis\Data acqusition\Screenshots\pvh.png,-,-,False
Pxd,C:\Users\Thomas\Documents\Thesis\Data acqusition\Screenshots\pxd.png,"(190, 995)","(1084, 1019)",True
Qualcomm,C:\Users\Thomas\Documents\Thesis\Data acqusition\Screenshots\qualcomm.png,"(1105, 127)","(1271, 143)",True
Quantaservices,C:\Users\Thomas\Documents\Thesis\Data acqusition\Screenshots\quantaservices.png,"(41, 783)","(351, 799)",True
Questdiagnostics,C:\Users\Thomas\Documents\Thesis\Data acqusition\Screenshots\questdiagnostics.png,"(211, 923)","(1007, 939)",True
Qurateretailgroup,C:\Users\Thomas\Documents\Thesis\Data acqusition\Screenshots\qurateretailgroup.png,-,-,False
Raymondjames,C:\Users\Thomas\Documents\Thesis\Data acqusition\Screenshots\raymondjames.png,"(381, 1044)","(1177, 1063)",True
Regeneron,C:\Users\Thomas\Documents\Thesis\Data acqusition\Screenshots\regeneron.png,"(45, 989)","(811, 1007)",True
Regions,C:\Users\Thomas\Documents\Thesis\Data acqusition\Screenshots\regions.png,-,-,False
Republicservices,C:\Users\Thomas\Documents\Thesis\Data acqusition\Screenshots\republicservices.png,-,-,False
Rgare,C:\Users\Thomas\Documents\Thesis\Data acqusition\Screenshots\rgare.png,"(129, 925)","(1063, 939)",True
Riteaid,C:\Users\Thomas\Documents\Thesis\Data acqusition\Screenshots\riteaid.png,-,-,False
Roberthalf,C:\Users\Thomas\Documents\Thesis\Data acqusition\Screenshots\roberthalf.png,"(663, 221)","(755, 235)",True
Rockwellautomation,C:\Users\Thomas\Documents\Thesis\Data acqusition\Screenshots\rockwellautomation.png,-,-,False
Rossstores,C:\Users\Thomas\Documents\Thesis\Data acqusition\Screenshots\rossstores.png,"(31, 1015)","(1015, 1029)",True
Rsac,C:\Users\Thomas\Documents\Thesis\Data acqusition\Screenshots\rsac.png,-,-,False
Rtx,C:\Users\Thomas\Documents\Thesis\Data acqusition\Screenshots\rtx.png,-,-,False
Ryder,C:\Users\Thomas\Documents\Thesis\Data acqusition\Screenshots\ryder.png,-,-,False
Saic,C:\Users\Thomas\Documents\Thesis\Data acqusition\Screenshots\saic.png,"(260, 1010)","(950, 1036)",True
Salesforce,C:\Users\Thomas\Documents\Thesis\Data acqusition\Screenshots\salesforce.png,"(534, 190)","(1342, 214)",True
Sanmina,C:\Users\Thomas\Documents\Thesis\Data acqusition\Screenshots\sanmina.png,-,-,False
Schwab,C:\Users\Thomas\Documents\Thesis\Data acqusition\Screenshots\schwab.png,-,-,False
Seaboardcorp,C:\Users\Thomas\Documents\Thesis\Data acqusition\Screenshots\seaboardcorp.png,"(25, 1033)","(403, 1053)",True
Sempra,C:\Users\Thomas\Documents\Thesis\Data acqusition\Screenshots\sempra.png,-,-,False
Servicenow,C:\Users\Thomas\Documents\Thesis\Data acqusition\Screenshots\servicenow.png,-,-,False
Sherwin-williams,C:\Users\Thomas\Documents\Thesis\Data acqusition\Screenshots\sherwin-williams.png,"(368, 908)","(1292, 932)",True
Skechers,C:\Users\Thomas\Documents\Thesis\Data acqusition\Screenshots\skechers.png,-,-,False
Sonicautomotive,C:\Users\Thomas\Documents\Thesis\Data acqusition\Screenshots\sonicautomotive.png,"(45, 919)","(489, 935)",True
Sonoco,C:\Users\Thomas\Documents\Thesis\Data acqusition\Screenshots\sonoco.png,"(31, 1031)","(211, 1047)",True
Southernrailway,C:\Users\Thomas\Documents\Thesis\Data acqusition\Screenshots\southernrailway.png,-,-,False
Southwest,C:\Users\Thomas\Documents\Thesis\Data acqusition\Screenshots\southwest.png,-,-,False
Spartannash,C:\Users\Thomas\Documents\Thesis\Data acqusition\Screenshots\spartannash.png,-,-,False
Spglobal,C:\Users\Thomas\Documents\Thesis\Data acqusition\Screenshots\spglobal.png,-,-,False
Stanleyblackanddecker,C:\Users\Thomas\Documents\Thesis\Data acqusition\Screenshots\stanleyblackanddecker.png,-,-,False
Starbucks,C:\Users\Thomas\Documents\Thesis\Data acqusition\Screenshots\starbucks.png,"(812, 210)","(1082, 234)",True
Statefarm,C:\Users\Thomas\Documents\Thesis\Data acqusition\Screenshots\statefarm.png,-,-,False
Statestreet,C:\Users\Thomas\Documents\Thesis\Data acqusition\Screenshots\statestreet.png,"(552, 240)","(1304, 266)",True
Steeldynamics,C:\Users\Thomas\Documents\Thesis\Data acqusition\Screenshots\steeldynamics.png,-,-,False
Stonex,C:\Users\Thomas\Documents\Thesis\Data acqusition\Screenshots\stonex.png,"(663, 181)","(1037, 195)",True
Stryker,C:\Users\Thomas\Documents\Thesis\Data acqusition\Screenshots\stryker.png,-,-,False
Svb,C:\Users\Thomas\Documents\Thesis\Data acqusition\Screenshots\svb.png,"(663, 183)","(1225, 203)",True
Swn,C:\Users\Thomas\Documents\Thesis\Data acqusition\Screenshots\swn.png,-,-,False
Synchrony,C:\Users\Thomas\Documents\Thesis\Data acqusition\Screenshots\synchrony.png,-,-,False
Sysco,C:\Users\Thomas\Documents\Thesis\Data acqusition\Screenshots\sysco.png,-,-,False
Ta-petro,C:\Users\Thomas\Documents\Thesis\Data acqusition\Screenshots\ta-petro.png,"(31, 993)","(723, 1011)",True
Targaresources,C:\Users\Thomas\Documents\Thesis\Data acqusition\Screenshots\targaresources.png,-,-,False
Target,C:\Users\Thomas\Documents\Thesis\Data acqusition\Screenshots\target.png,-,-,False
Taylormorrison,C:\Users\Thomas\Documents\Thesis\Data acqusition\Screenshots\taylormorrison.png,-,-,False
Tdsynnex,C:\Users\Thomas\Documents\Thesis\Data acqusition\Screenshots\tdsynnex.png,"(31, 933)","(191, 949)",True
Tenethealth,C:\Users\Thomas\Documents\Thesis\Data acqusition\Screenshots\tenethealth.png,-,-,False
Tesla,C:\Users\Thomas\Documents\Thesis\Data acqusition\Screenshots\tesla.png,-,-,False
Textron,C:\Users\Thomas\Documents\Thesis\Data acqusition\Screenshots\textron.png,"(189, 1019)","(773, 1039)",True
Thehartford,C:\Users\Thomas\Documents\Thesis\Data acqusition\Screenshots\thehartford.png,-,-,False
Thehersheycompany,C:\Users\Thomas\Documents\Thesis\Data acqusition\Screenshots\thehersheycompany.png,"(129, 944)","(987, 961)",True
Theice,C:\Users\Thomas\Documents\Thesis\Data acqusition\Screenshots\theice.png,"(31, 19)","(1295, 37)",True
Thermofisher,C:\Users\Thomas\Documents\Thesis\Data acqusition\Screenshots\thermofisher.png,"(28, 892)","(432, 918)",True
Thorindustries,C:\Users\Thomas\Documents\Thesis\Data acqusition\Screenshots\thorindustries.png,"(28, 976)","(184, 1000)",True
Thrivent,C:\Users\Thomas\Documents\Thesis\Data acqusition\Screenshots\thrivent.png,-,-,False
Ti,C:\Users\Thomas\Documents\Thesis\Data acqusition\Screenshots\ti.png,"(657, 501)","(1173, 521)",True
Tiaa,C:\Users\Thomas\Documents\Thesis\Data acqusition\Screenshots\tiaa.png,-,-,False
Tjx,C:\Users\Thomas\Documents\Thesis\Data acqusition\Screenshots\tjx.png,-,-,False
Tollbrothers,C:\Users\Thomas\Documents\Thesis\Data acqusition\Screenshots\tollbrothers.png,-,-,False
Tractorsupply,C:\Users\Thomas\Documents\Thesis\Data acqusition\Screenshots\tractorsupply.png,-,-,False
Travelers,C:\Users\Thomas\Documents\Thesis\Data acqusition\Screenshots\travelers.png,-,-,False
Truist,C:\Users\Thomas\Documents\Thesis\Data acqusition\Screenshots\truist.png,-,-,False
Tysonfoods,C:\Users\Thomas\Documents\Thesis\Data acqusition\Screenshots\tysonfoods.png,"(14, 1014)","(1280, 1039)",True
Uber,C:\Users\Thomas\Documents\Thesis\Data acqusition\Screenshots\uber.png,"(1347, 787)","(1613, 825)",True
Ufpi,C:\Users\Thomas\Documents\Thesis\Data acqusition\Screenshots\ufpi.png,"(733, 59)","(1171, 79)",True
Ugicorp,C:\Users\Thomas\Documents\Thesis\Data acqusition\Screenshots\ugicorp.png,-,-,False
Ulta,C:\Users\Thomas\Documents\Thesis\Data acqusition\Screenshots\ulta.png,"(663, 127)","(1013, 143)",True
Unfi,C:\Users\Thomas\Documents\Thesis\Data acqusition\Screenshots\unfi.png,"(31, 1009)","(295, 1029)",True
United,C:\Users\Thomas\Documents\Thesis\Data acqusition\Screenshots\united.png,-,-,False
Unitedhealthgroup,C:\Users\Thomas\Documents\Thesis\Data acqusition\Screenshots\unitedhealthgroup.png,"(31, 21)","(1017, 40)",True
Unitedrentals,C:\Users\Thomas\Documents\Thesis\Data acqusition\Screenshots\unitedrentals.png,-,-,False
Univarsolutions,C:\Users\Thomas\Documents\Thesis\Data acqusition\Screenshots\univarsolutions.png,"(18, 42)","(280, 68)",True
Unum,C:\Users\Thomas\Documents\Thesis\Data acqusition\Screenshots\unum.png,"(45, 898)","(677, 917)",True
Up,C:\Users\Thomas\Documents\Thesis\Data acqusition\Screenshots\up.png,-,-,False
Ups,C:\Users\Thomas\Documents\Thesis\Data acqusition\Screenshots\ups.png,-,-,False
Us,C:\Users\Thomas\Documents\Thesis\Data acqusition\Screenshots\us.png,"(648, 462)","(1032, 488)",True
Usaa,C:\Users\Thomas\Documents\Thesis\Data acqusition\Screenshots\usaa.png,-,-,False
Usbank,C:\Users\Thomas\Documents\Thesis\Data acqusition\Screenshots\usbank.png,-,-,False
Usfoods,C:\Users\Thomas\Documents\Thesis\Data acqusition\Screenshots\usfoods.png,-,-,False
Ussteel,C:\Users\Thomas\Documents\Thesis\Data acqusition\Screenshots\ussteel.png,-,-,False
Valero,C:\Users\Thomas\Documents\Thesis\Data acqusition\Screenshots\valero.png,-,-,False
Verizon,C:\Users\Thomas\Documents\Thesis\Data acqusition\Screenshots\verizon.png,-,-,False
Viatris,C:\Users\Thomas\Documents\Thesis\Data acqusition\Screenshots\viatris.png,"(640, 454)","(1202, 484)",True
Visa,C:\Users\Thomas\Documents\Thesis\Data acqusition\Screenshots\visa.png,"(501, 23)","(1203, 41)",True
Vistra,C:\Users\Thomas\Documents\Thesis\Data acqusition\Screenshots\vistra.png,-,-,False
Vmware,C:\Users\Thomas\Documents\Thesis\Data acqusition\Screenshots\vmware.png,-,-,False
Vrtx,C:\Users\Thomas\Documents\Thesis\Data acqusition\Screenshots\vrtx.png,"(31, 935)","(481, 953)",True
Vulcanmaterials,C:\Users\Thomas\Documents\Thesis\Data acqusition\Screenshots\vulcanmaterials.png,-,-,False
Wabteccorp,C:\Users\Thomas\Documents\Thesis\Data acqusition\Screenshots\wabteccorp.png,"(573, 985)","(1015, 1001)",True
Walgreensbootsalliance,C:\Users\Thomas\Documents\Thesis\Data acqusition\Screenshots\walgreensbootsalliance.png,"(465, 1031)","(1103, 1049)",True
Walmart,C:\Users\Thomas\Documents\Thesis\Data acqusition\Screenshots\walmart.png,-,-,False
Watsco,C:\Users\Thomas\Documents\Thesis\Data acqusition\Screenshots\watsco.png,"(101, 1035)","(805, 1056)",True
Wayfair,C:\Users\Thomas\Documents\Thesis\Data acqusition\Screenshots\wayfair.png,-,-,False
Wellsfargo,C:\Users\Thomas\Documents\Thesis\Data acqusition\Screenshots\wellsfargo.png,"(298, 618)","(479, 638)",True
Wesco,C:\Users\Thomas\Documents\Thesis\Data acqusition\Screenshots\wesco.png,-,-,False
Westerndigital,C:\Users\Thomas\Documents\Thesis\Data acqusition\Screenshots\westerndigital.png,"(504, 302)","(820, 326)",True
Westernsouthern,C:\Users\Thomas\Documents\Thesis\Data acqusition\Screenshots\westernsouthern.png,"(435, 1043)","(785, 1059)",True
Westlake,C:\Users\Thomas\Documents\Thesis\Data acqusition\Screenshots\westlake.png,-,-,False
Westrock,C:\Users\Thomas\Documents\Thesis\Data acqusition\Screenshots\westrock.png,"(31, 1019)","(1039, 1037)",True
Weyerhaeuser,C:\Users\Thomas\Documents\Thesis\Data acqusition\Screenshots\weyerhaeuser.png,-,-,False
Whirlpoolcorp,C:\Users\Thomas\Documents\Thesis\Data acqusition\Screenshots\whirlpoolcorp.png,-,-,False
Williams-sonoma,C:\Users\Thomas\Documents\Thesis\Data acqusition\Screenshots\williams-sonoma.png,-,-,False
Williamsf1,C:\Users\Thomas\Documents\Thesis\Data acqusition\Screenshots\williamsf1.png,"(1537, 837)","(1719, 857)",True
World-kinect,C:\Users\Thomas\Documents\Thesis\Data acqusition\Screenshots\world-kinect.png,"(433, 915)","(1103, 931)",True
Xcelenergy,C:\Users\Thomas\Documents\Thesis\Data acqusition\Screenshots\xcelenergy.png,-,-,False
Xpo,C:\Users\Thomas\Documents\Thesis\Data acqusition\Screenshots\xpo.png,"(214, 940)","(1690, 972)",True
Yumchina,C:\Users\Thomas\Documents\Thesis\Data acqusition\Screenshots\yumchina.png,-,-,False
Zoetis,C:\Users\Thomas\Documents\Thesis\Data acqusition\Screenshots\zoetis.png,"(28, 914)","(1046, 944)",True
