Name,Image-path,Result
C:/users/thoma/documents/thesis_new/thesis/data acqusition/screenshots/3m,C:/Users/thoma/Documents/Thesis_new/Thesis/Data acqusition/Screenshots/3m.png,False
C:/users/thoma/documents/thesis_new/thesis/data acqusition/screenshots/53,C:/Users/thoma/Documents/Thesis_new/Thesis/Data acqusition/Screenshots/53.png,False
C:/users/thoma/documents/thesis_new/thesis/data acqusition/screenshots/aa,C:/Users/thoma/Documents/Thesis_new/Thesis/Data acqusition/Screenshots/aa.png,False
C:/users/thoma/documents/thesis_new/thesis/data acqusition/screenshots/abbott,C:/Users/thoma/Documents/Thesis_new/Thesis/Data acqusition/Screenshots/abbott.png,True
C:/users/thoma/documents/thesis_new/thesis/data acqusition/screenshots/abbvie,C:/Users/thoma/Documents/Thesis_new/Thesis/Data acqusition/Screenshots/abbvie.png,False
C:/users/thoma/documents/thesis_new/thesis/data acqusition/screenshots/abm,C:/Users/thoma/Documents/Thesis_new/Thesis/Data acqusition/Screenshots/abm.png,True
C:/users/thoma/documents/thesis_new/thesis/data acqusition/screenshots/aboutcoupang,C:/Users/thoma/Documents/Thesis_new/Thesis/Data acqusition/Screenshots/aboutcoupang.png,False
C:/users/thoma/documents/thesis_new/thesis/data acqusition/screenshots/activisionblizzard,C:/Users/thoma/Documents/Thesis_new/Thesis/Data acqusition/Screenshots/activisionblizzard.png,True
C:/users/thoma/documents/thesis_new/thesis/data acqusition/screenshots/adm,C:/Users/thoma/Documents/Thesis_new/Thesis/Data acqusition/Screenshots/adm.png,True
C:/users/thoma/documents/thesis_new/thesis/data acqusition/screenshots/adobe,C:/Users/thoma/Documents/Thesis_new/Thesis/Data acqusition/Screenshots/adobe.png,False
C:/users/thoma/documents/thesis_new/thesis/data acqusition/screenshots/adp,C:/Users/thoma/Documents/Thesis_new/Thesis/Data acqusition/Screenshots/adp.png,False
C:/users/thoma/documents/thesis_new/thesis/data acqusition/screenshots/advanceautoparts,C:/Users/thoma/Documents/Thesis_new/Thesis/Data acqusition/Screenshots/advanceautoparts.png,False
C:/users/thoma/documents/thesis_new/thesis/data acqusition/screenshots/aes,C:/Users/thoma/Documents/Thesis_new/Thesis/Data acqusition/Screenshots/aes.png,True
C:/users/thoma/documents/thesis_new/thesis/data acqusition/screenshots/aflac,C:/Users/thoma/Documents/Thesis_new/Thesis/Data acqusition/Screenshots/aflac.png,False
C:/users/thoma/documents/thesis_new/thesis/data acqusition/screenshots/agcocorp,C:/Users/thoma/Documents/Thesis_new/Thesis/Data acqusition/Screenshots/agcocorp.png,True
C:/users/thoma/documents/thesis_new/thesis/data acqusition/screenshots/aig,C:/Users/thoma/Documents/Thesis_new/Thesis/Data acqusition/Screenshots/aig.png,False
C:/users/thoma/documents/thesis_new/thesis/data acqusition/screenshots/airbnb,C:/Users/thoma/Documents/Thesis_new/Thesis/Data acqusition/Screenshots/airbnb.png,False
C:/users/thoma/documents/thesis_new/thesis/data acqusition/screenshots/airproducts,C:/Users/thoma/Documents/Thesis_new/Thesis/Data acqusition/Screenshots/airproducts.png,True
C:/users/thoma/documents/thesis_new/thesis/data acqusition/screenshots/ajg,C:/Users/thoma/Documents/Thesis_new/Thesis/Data acqusition/Screenshots/ajg.png,True
C:/users/thoma/documents/thesis_new/thesis/data acqusition/screenshots/alaskaair,C:/Users/thoma/Documents/Thesis_new/Thesis/Data acqusition/Screenshots/alaskaair.png,False
C:/users/thoma/documents/thesis_new/thesis/data acqusition/screenshots/albemarle,C:/Users/thoma/Documents/Thesis_new/Thesis/Data acqusition/Screenshots/albemarle.png,False
C:/users/thoma/documents/thesis_new/thesis/data acqusition/screenshots/albertsons,C:/Users/thoma/Documents/Thesis_new/Thesis/Data acqusition/Screenshots/albertsons.png,False
C:/users/thoma/documents/thesis_new/thesis/data acqusition/screenshots/alcoa,C:/Users/thoma/Documents/Thesis_new/Thesis/Data acqusition/Screenshots/alcoa.png,True
C:/users/thoma/documents/thesis_new/thesis/data acqusition/screenshots/allstate,C:/Users/thoma/Documents/Thesis_new/Thesis/Data acqusition/Screenshots/allstate.png,False
C:/users/thoma/documents/thesis_new/thesis/data acqusition/screenshots/ally,C:/Users/thoma/Documents/Thesis_new/Thesis/Data acqusition/Screenshots/ally.png,False
C:/users/thoma/documents/thesis_new/thesis/data acqusition/screenshots/alticeusa,C:/Users/thoma/Documents/Thesis_new/Thesis/Data acqusition/Screenshots/alticeusa.png,False
C:/users/thoma/documents/thesis_new/thesis/data acqusition/screenshots/altria,C:/Users/thoma/Documents/Thesis_new/Thesis/Data acqusition/Screenshots/altria.png,False
C:/users/thoma/documents/thesis_new/thesis/data acqusition/screenshots/amazon,C:/Users/thoma/Documents/Thesis_new/Thesis/Data acqusition/Screenshots/amazon.png,False
C:/users/thoma/documents/thesis_new/thesis/data acqusition/screenshots/amd,C:/Users/thoma/Documents/Thesis_new/Thesis/Data acqusition/Screenshots/amd.png,False
C:/users/thoma/documents/thesis_new/thesis/data acqusition/screenshots/ameren,C:/Users/thoma/Documents/Thesis_new/Thesis/Data acqusition/Screenshots/ameren.png,False
C:/users/thoma/documents/thesis_new/thesis/data acqusition/screenshots/americanexpress,C:/Users/thoma/Documents/Thesis_new/Thesis/Data acqusition/Screenshots/americanexpress.png,False
C:/users/thoma/documents/thesis_new/thesis/data acqusition/screenshots/americantower,C:/Users/thoma/Documents/Thesis_new/Thesis/Data acqusition/Screenshots/americantower.png,True
C:/users/thoma/documents/thesis_new/thesis/data acqusition/screenshots/ameriprise,C:/Users/thoma/Documents/Thesis_new/Thesis/Data acqusition/Screenshots/ameriprise.png,False
C:/users/thoma/documents/thesis_new/thesis/data acqusition/screenshots/amerisourcebergen,C:/Users/thoma/Documents/Thesis_new/Thesis/Data acqusition/Screenshots/amerisourcebergen.png,True
C:/users/thoma/documents/thesis_new/thesis/data acqusition/screenshots/amfam,C:/Users/thoma/Documents/Thesis_new/Thesis/Data acqusition/Screenshots/amfam.png,False
C:/users/thoma/documents/thesis_new/thesis/data acqusition/screenshots/amgen,C:/Users/thoma/Documents/Thesis_new/Thesis/Data acqusition/Screenshots/amgen.png,True
C:/users/thoma/documents/thesis_new/thesis/data acqusition/screenshots/analog,C:/Users/thoma/Documents/Thesis_new/Thesis/Data acqusition/Screenshots/analog.png,True
C:/users/thoma/documents/thesis_new/thesis/data acqusition/screenshots/andersonsinc,C:/Users/thoma/Documents/Thesis_new/Thesis/Data acqusition/Screenshots/andersonsinc.png,False
C:/users/thoma/documents/thesis_new/thesis/data acqusition/screenshots/apa,C:/Users/thoma/Documents/Thesis_new/Thesis/Data acqusition/Screenshots/apa.png,False
C:/users/thoma/documents/thesis_new/thesis/data acqusition/screenshots/apollo,C:/Users/thoma/Documents/Thesis_new/Thesis/Data acqusition/Screenshots/apollo.png,False
C:/users/thoma/documents/thesis_new/thesis/data acqusition/screenshots/apple,C:/Users/thoma/Documents/Thesis_new/Thesis/Data acqusition/Screenshots/apple.png,False
C:/users/thoma/documents/thesis_new/thesis/data acqusition/screenshots/appliedmaterials,C:/Users/thoma/Documents/Thesis_new/Thesis/Data acqusition/Screenshots/appliedmaterials.png,True
C:/users/thoma/documents/thesis_new/thesis/data acqusition/screenshots/aramark,C:/Users/thoma/Documents/Thesis_new/Thesis/Data acqusition/Screenshots/aramark.png,False
C:/users/thoma/documents/thesis_new/thesis/data acqusition/screenshots/arconic,C:/Users/thoma/Documents/Thesis_new/Thesis/Data acqusition/Screenshots/arconic.png,False
C:/users/thoma/documents/thesis_new/thesis/data acqusition/screenshots/arkocorp,C:/Users/thoma/Documents/Thesis_new/Thesis/Data acqusition/Screenshots/arkocorp.png,False
C:/users/thoma/documents/thesis_new/thesis/data acqusition/screenshots/arrow,C:/Users/thoma/Documents/Thesis_new/Thesis/Data acqusition/Screenshots/arrow.png,False
C:/users/thoma/documents/thesis_new/thesis/data acqusition/screenshots/asburyauto,C:/Users/thoma/Documents/Thesis_new/Thesis/Data acqusition/Screenshots/asburyauto.png,False
C:/users/thoma/documents/thesis_new/thesis/data acqusition/screenshots/assurant,C:/Users/thoma/Documents/Thesis_new/Thesis/Data acqusition/Screenshots/assurant.png,True
C:/users/thoma/documents/thesis_new/thesis/data acqusition/screenshots/att,C:/Users/thoma/Documents/Thesis_new/Thesis/Data acqusition/Screenshots/att.png,False
C:/users/thoma/documents/thesis_new/thesis/data acqusition/screenshots/autoliv,C:/Users/thoma/Documents/Thesis_new/Thesis/Data acqusition/Screenshots/autoliv.png,False
C:/users/thoma/documents/thesis_new/thesis/data acqusition/screenshots/autonation,C:/Users/thoma/Documents/Thesis_new/Thesis/Data acqusition/Screenshots/autonation.png,False
C:/users/thoma/documents/thesis_new/thesis/data acqusition/screenshots/autozone,C:/Users/thoma/Documents/Thesis_new/Thesis/Data acqusition/Screenshots/autozone.png,False
C:/users/thoma/documents/thesis_new/thesis/data acqusition/screenshots/avantorsciences,C:/Users/thoma/Documents/Thesis_new/Thesis/Data acqusition/Screenshots/avantorsciences.png,False
C:/users/thoma/documents/thesis_new/thesis/data acqusition/screenshots/averydennison,C:/Users/thoma/Documents/Thesis_new/Thesis/Data acqusition/Screenshots/averydennison.png,True
C:/users/thoma/documents/thesis_new/thesis/data acqusition/screenshots/avnet,C:/Users/thoma/Documents/Thesis_new/Thesis/Data acqusition/Screenshots/avnet.png,False
C:/users/thoma/documents/thesis_new/thesis/data acqusition/screenshots/bakerhughes,C:/Users/thoma/Documents/Thesis_new/Thesis/Data acqusition/Screenshots/bakerhughes.png,True
C:/users/thoma/documents/thesis_new/thesis/data acqusition/screenshots/ball,C:/Users/thoma/Documents/Thesis_new/Thesis/Data acqusition/Screenshots/ball.png,False
C:/users/thoma/documents/thesis_new/thesis/data acqusition/screenshots/bankofamerica,C:/Users/thoma/Documents/Thesis_new/Thesis/Data acqusition/Screenshots/bankofamerica.png,False
C:/users/thoma/documents/thesis_new/thesis/data acqusition/screenshots/bathandbodyworks,C:/Users/thoma/Documents/Thesis_new/Thesis/Data acqusition/Screenshots/bathandbodyworks.png,False
C:/users/thoma/documents/thesis_new/thesis/data acqusition/screenshots/baxter,C:/Users/thoma/Documents/Thesis_new/Thesis/Data acqusition/Screenshots/baxter.png,True
C:/users/thoma/documents/thesis_new/thesis/data acqusition/screenshots/bc,C:/Users/thoma/Documents/Thesis_new/Thesis/Data acqusition/Screenshots/bc.png,False
C:/users/thoma/documents/thesis_new/thesis/data acqusition/screenshots/bd,C:/Users/thoma/Documents/Thesis_new/Thesis/Data acqusition/Screenshots/bd.png,False
C:/users/thoma/documents/thesis_new/thesis/data acqusition/screenshots/becn,C:/Users/thoma/Documents/Thesis_new/Thesis/Data acqusition/Screenshots/becn.png,False
C:/users/thoma/documents/thesis_new/thesis/data acqusition/screenshots/bedbathandbeyond,C:/Users/thoma/Documents/Thesis_new/Thesis/Data acqusition/Screenshots/bedbathandbeyond.png,False
C:/users/thoma/documents/thesis_new/thesis/data acqusition/screenshots/berkley,C:/Users/thoma/Documents/Thesis_new/Thesis/Data acqusition/Screenshots/berkley.png,False
C:/users/thoma/documents/thesis_new/thesis/data acqusition/screenshots/berkshirehathaway,C:/Users/thoma/Documents/Thesis_new/Thesis/Data acqusition/Screenshots/berkshirehathaway.png,False
C:/users/thoma/documents/thesis_new/thesis/data acqusition/screenshots/berryglobal,C:/Users/thoma/Documents/Thesis_new/Thesis/Data acqusition/Screenshots/berryglobal.png,True
C:/users/thoma/documents/thesis_new/thesis/data acqusition/screenshots/bestbuy,C:/Users/thoma/Documents/Thesis_new/Thesis/Data acqusition/Screenshots/bestbuy.png,False
C:/users/thoma/documents/thesis_new/thesis/data acqusition/screenshots/biogen,C:/Users/thoma/Documents/Thesis_new/Thesis/Data acqusition/Screenshots/biogen.png,True
C:/users/thoma/documents/thesis_new/thesis/data acqusition/screenshots/bjs,C:/Users/thoma/Documents/Thesis_new/Thesis/Data acqusition/Screenshots/bjs.png,False
C:/users/thoma/documents/thesis_new/thesis/data acqusition/screenshots/blackrock,C:/Users/thoma/Documents/Thesis_new/Thesis/Data acqusition/Screenshots/blackrock.png,False
C:/users/thoma/documents/thesis_new/thesis/data acqusition/screenshots/blackstone,C:/Users/thoma/Documents/Thesis_new/Thesis/Data acqusition/Screenshots/blackstone.png,True
C:/users/thoma/documents/thesis_new/thesis/data acqusition/screenshots/bldr,C:/Users/thoma/Documents/Thesis_new/Thesis/Data acqusition/Screenshots/bldr.png,False
C:/users/thoma/documents/thesis_new/thesis/data acqusition/screenshots/block,C:/Users/thoma/Documents/Thesis_new/Thesis/Data acqusition/Screenshots/block.png,False
C:/users/thoma/documents/thesis_new/thesis/data acqusition/screenshots/bms,C:/Users/thoma/Documents/Thesis_new/Thesis/Data acqusition/Screenshots/bms.png,True
C:/users/thoma/documents/thesis_new/thesis/data acqusition/screenshots/bnymellon,C:/Users/thoma/Documents/Thesis_new/Thesis/Data acqusition/Screenshots/bnymellon.png,True
C:/users/thoma/documents/thesis_new/thesis/data acqusition/screenshots/boeing,C:/Users/thoma/Documents/Thesis_new/Thesis/Data acqusition/Screenshots/boeing.png,True
C:/users/thoma/documents/thesis_new/thesis/data acqusition/screenshots/bookingholdings,C:/Users/thoma/Documents/Thesis_new/Thesis/Data acqusition/Screenshots/bookingholdings.png,False
C:/users/thoma/documents/thesis_new/thesis/data acqusition/screenshots/boozallen,C:/Users/thoma/Documents/Thesis_new/Thesis/Data acqusition/Screenshots/boozallen.png,False
C:/users/thoma/documents/thesis_new/thesis/data acqusition/screenshots/borgwarner,C:/Users/thoma/Documents/Thesis_new/Thesis/Data acqusition/Screenshots/borgwarner.png,False
C:/users/thoma/documents/thesis_new/thesis/data acqusition/screenshots/bostonscientific,C:/Users/thoma/Documents/Thesis_new/Thesis/Data acqusition/Screenshots/bostonscientific.png,False
C:/users/thoma/documents/thesis_new/thesis/data acqusition/screenshots/brighthousefinancial,C:/Users/thoma/Documents/Thesis_new/Thesis/Data acqusition/Screenshots/brighthousefinancial.png,False
C:/users/thoma/documents/thesis_new/thesis/data acqusition/screenshots/broadcom,C:/Users/thoma/Documents/Thesis_new/Thesis/Data acqusition/Screenshots/broadcom.png,True
C:/users/thoma/documents/thesis_new/thesis/data acqusition/screenshots/burlington,C:/Users/thoma/Documents/Thesis_new/Thesis/Data acqusition/Screenshots/burlington.png,True
C:/users/thoma/documents/thesis_new/thesis/data acqusition/screenshots/caesars,C:/Users/thoma/Documents/Thesis_new/Thesis/Data acqusition/Screenshots/caesars.png,True
C:/users/thoma/documents/thesis_new/thesis/data acqusition/screenshots/campbells,C:/Users/thoma/Documents/Thesis_new/Thesis/Data acqusition/Screenshots/campbells.png,False
C:/users/thoma/documents/thesis_new/thesis/data acqusition/screenshots/capitalone,C:/Users/thoma/Documents/Thesis_new/Thesis/Data acqusition/Screenshots/capitalone.png,False
C:/users/thoma/documents/thesis_new/thesis/data acqusition/screenshots/cardinalhealth,C:/Users/thoma/Documents/Thesis_new/Thesis/Data acqusition/Screenshots/cardinalhealth.png,False
C:/users/thoma/documents/thesis_new/thesis/data acqusition/screenshots/carmax,C:/Users/thoma/Documents/Thesis_new/Thesis/Data acqusition/Screenshots/carmax.png,False
C:/users/thoma/documents/thesis_new/thesis/data acqusition/screenshots/carvana,C:/Users/thoma/Documents/Thesis_new/Thesis/Data acqusition/Screenshots/carvana.png,False
C:/users/thoma/documents/thesis_new/thesis/data acqusition/screenshots/caseys,C:/Users/thoma/Documents/Thesis_new/Thesis/Data acqusition/Screenshots/caseys.png,False
C:/users/thoma/documents/thesis_new/thesis/data acqusition/screenshots/caterpillar,C:/Users/thoma/Documents/Thesis_new/Thesis/Data acqusition/Screenshots/caterpillar.png,False
C:/users/thoma/documents/thesis_new/thesis/data acqusition/screenshots/cbrands,C:/Users/thoma/Documents/Thesis_new/Thesis/Data acqusition/Screenshots/cbrands.png,False
C:/users/thoma/documents/thesis_new/thesis/data acqusition/screenshots/cbre,C:/Users/thoma/Documents/Thesis_new/Thesis/Data acqusition/Screenshots/cbre.png,False
C:/users/thoma/documents/thesis_new/thesis/data acqusition/screenshots/cdw,C:/Users/thoma/Documents/Thesis_new/Thesis/Data acqusition/Screenshots/cdw.png,True
C:/users/thoma/documents/thesis_new/thesis/data acqusition/screenshots/celanese,C:/Users/thoma/Documents/Thesis_new/Thesis/Data acqusition/Screenshots/celanese.png,False
C:/users/thoma/documents/thesis_new/thesis/data acqusition/screenshots/centene,C:/Users/thoma/Documents/Thesis_new/Thesis/Data acqusition/Screenshots/centene.png,False
C:/users/thoma/documents/thesis_new/thesis/data acqusition/screenshots/cfindustries,C:/Users/thoma/Documents/Thesis_new/Thesis/Data acqusition/Screenshots/cfindustries.png,False
C:/users/thoma/documents/thesis_new/thesis/data acqusition/screenshots/charter,C:/Users/thoma/Documents/Thesis_new/Thesis/Data acqusition/Screenshots/charter.png,False
C:/users/thoma/documents/thesis_new/thesis/data acqusition/screenshots/cheniere,C:/Users/thoma/Documents/Thesis_new/Thesis/Data acqusition/Screenshots/cheniere.png,False
C:/users/thoma/documents/thesis_new/thesis/data acqusition/screenshots/chevron,C:/Users/thoma/Documents/Thesis_new/Thesis/Data acqusition/Screenshots/chevron.png,False
C:/users/thoma/documents/thesis_new/thesis/data acqusition/screenshots/chewy,C:/Users/thoma/Documents/Thesis_new/Thesis/Data acqusition/Screenshots/chewy.png,False
C:/users/thoma/documents/thesis_new/thesis/data acqusition/screenshots/chipotle,C:/Users/thoma/Documents/Thesis_new/Thesis/Data acqusition/Screenshots/chipotle.png,False
C:/users/thoma/documents/thesis_new/thesis/data acqusition/screenshots/chk,C:/Users/thoma/Documents/Thesis_new/Thesis/Data acqusition/Screenshots/chk.png,False
C:/users/thoma/documents/thesis_new/thesis/data acqusition/screenshots/chrobinson,C:/Users/thoma/Documents/Thesis_new/Thesis/Data acqusition/Screenshots/chrobinson.png,False
C:/users/thoma/documents/thesis_new/thesis/data acqusition/screenshots/chsinc,C:/Users/thoma/Documents/Thesis_new/Thesis/Data acqusition/Screenshots/chsinc.png,False
C:/users/thoma/documents/thesis_new/thesis/data acqusition/screenshots/cigna,C:/Users/thoma/Documents/Thesis_new/Thesis/Data acqusition/Screenshots/cigna.png,False
C:/users/thoma/documents/thesis_new/thesis/data acqusition/screenshots/cintas,C:/Users/thoma/Documents/Thesis_new/Thesis/Data acqusition/Screenshots/cintas.png,False
C:/users/thoma/documents/thesis_new/thesis/data acqusition/screenshots/cisco,C:/Users/thoma/Documents/Thesis_new/Thesis/Data acqusition/Screenshots/cisco.png,False
C:/users/thoma/documents/thesis_new/thesis/data acqusition/screenshots/citigroup,C:/Users/thoma/Documents/Thesis_new/Thesis/Data acqusition/Screenshots/citigroup.png,False
C:/users/thoma/documents/thesis_new/thesis/data acqusition/screenshots/citizensbank,C:/Users/thoma/Documents/Thesis_new/Thesis/Data acqusition/Screenshots/citizensbank.png,False
C:/users/thoma/documents/thesis_new/thesis/data acqusition/screenshots/clevelandcliffs,C:/Users/thoma/Documents/Thesis_new/Thesis/Data acqusition/Screenshots/clevelandcliffs.png,False
C:/users/thoma/documents/thesis_new/thesis/data acqusition/screenshots/clr,C:/Users/thoma/Documents/Thesis_new/Thesis/Data acqusition/Screenshots/clr.png,False
C:/users/thoma/documents/thesis_new/thesis/data acqusition/screenshots/cmc,C:/Users/thoma/Documents/Thesis_new/Thesis/Data acqusition/Screenshots/cmc.png,False
C:/users/thoma/documents/thesis_new/thesis/data acqusition/screenshots/cmsenergy,C:/Users/thoma/Documents/Thesis_new/Thesis/Data acqusition/Screenshots/cmsenergy.png,False
C:/users/thoma/documents/thesis_new/thesis/data acqusition/screenshots/coca-colacompany,C:/Users/thoma/Documents/Thesis_new/Thesis/Data acqusition/Screenshots/coca-colacompany.png,False
C:/users/thoma/documents/thesis_new/thesis/data acqusition/screenshots/cognizant,C:/Users/thoma/Documents/Thesis_new/Thesis/Data acqusition/Screenshots/cognizant.png,True
C:/users/thoma/documents/thesis_new/thesis/data acqusition/screenshots/colgatepalmolive,C:/Users/thoma/Documents/Thesis_new/Thesis/Data acqusition/Screenshots/colgatepalmolive.png,False
C:/users/thoma/documents/thesis_new/thesis/data acqusition/screenshots/comcast,C:/Users/thoma/Documents/Thesis_new/Thesis/Data acqusition/Screenshots/comcast.png,False
C:/users/thoma/documents/thesis_new/thesis/data acqusition/screenshots/commscope,C:/Users/thoma/Documents/Thesis_new/Thesis/Data acqusition/Screenshots/commscope.png,True
C:/users/thoma/documents/thesis_new/thesis/data acqusition/screenshots/conagrabrands,C:/Users/thoma/Documents/Thesis_new/Thesis/Data acqusition/Screenshots/conagrabrands.png,True
C:/users/thoma/documents/thesis_new/thesis/data acqusition/screenshots/coned,C:/Users/thoma/Documents/Thesis_new/Thesis/Data acqusition/Screenshots/coned.png,False
C:/users/thoma/documents/thesis_new/thesis/data acqusition/screenshots/conocophillips,C:/Users/thoma/Documents/Thesis_new/Thesis/Data acqusition/Screenshots/conocophillips.png,False
C:/users/thoma/documents/thesis_new/thesis/data acqusition/screenshots/constellationenergy,C:/Users/thoma/Documents/Thesis_new/Thesis/Data acqusition/Screenshots/constellationenergy.png,True
C:/users/thoma/documents/thesis_new/thesis/data acqusition/screenshots/corning,C:/Users/thoma/Documents/Thesis_new/Thesis/Data acqusition/Screenshots/corning.png,True
C:/users/thoma/documents/thesis_new/thesis/data acqusition/screenshots/corporate,C:/Users/thoma/Documents/Thesis_new/Thesis/Data acqusition/Screenshots/corporate.png,True
C:/users/thoma/documents/thesis_new/thesis/data acqusition/screenshots/corteva,C:/Users/thoma/Documents/Thesis_new/Thesis/Data acqusition/Screenshots/corteva.png,True
C:/users/thoma/documents/thesis_new/thesis/data acqusition/screenshots/costco,C:/Users/thoma/Documents/Thesis_new/Thesis/Data acqusition/Screenshots/costco.png,False
C:/users/thoma/documents/thesis_new/thesis/data acqusition/screenshots/coterra,C:/Users/thoma/Documents/Thesis_new/Thesis/Data acqusition/Screenshots/coterra.png,False
C:/users/thoma/documents/thesis_new/thesis/data acqusition/screenshots/crowncork,C:/Users/thoma/Documents/Thesis_new/Thesis/Data acqusition/Screenshots/crowncork.png,True
C:/users/thoma/documents/thesis_new/thesis/data acqusition/screenshots/cummins,C:/Users/thoma/Documents/Thesis_new/Thesis/Data acqusition/Screenshots/cummins.png,False
C:/users/thoma/documents/thesis_new/thesis/data acqusition/screenshots/cvshealth,C:/Users/thoma/Documents/Thesis_new/Thesis/Data acqusition/Screenshots/cvshealth.png,False
C:/users/thoma/documents/thesis_new/thesis/data acqusition/screenshots/dana,C:/Users/thoma/Documents/Thesis_new/Thesis/Data acqusition/Screenshots/dana.png,True
C:/users/thoma/documents/thesis_new/thesis/data acqusition/screenshots/danaher,C:/Users/thoma/Documents/Thesis_new/Thesis/Data acqusition/Screenshots/danaher.png,True
C:/users/thoma/documents/thesis_new/thesis/data acqusition/screenshots/darden,C:/Users/thoma/Documents/Thesis_new/Thesis/Data acqusition/Screenshots/darden.png,False
C:/users/thoma/documents/thesis_new/thesis/data acqusition/screenshots/davita,C:/Users/thoma/Documents/Thesis_new/Thesis/Data acqusition/Screenshots/davita.png,True
C:/users/thoma/documents/thesis_new/thesis/data acqusition/screenshots/deere,C:/Users/thoma/Documents/Thesis_new/Thesis/Data acqusition/Screenshots/deere.png,True
C:/users/thoma/documents/thesis_new/thesis/data acqusition/screenshots/delekus,C:/Users/thoma/Documents/Thesis_new/Thesis/Data acqusition/Screenshots/delekus.png,False
C:/users/thoma/documents/thesis_new/thesis/data acqusition/screenshots/dell,C:/Users/thoma/Documents/Thesis_new/Thesis/Data acqusition/Screenshots/dell.png,True
C:/users/thoma/documents/thesis_new/thesis/data acqusition/screenshots/delta,C:/Users/thoma/Documents/Thesis_new/Thesis/Data acqusition/Screenshots/delta.png,False
C:/users/thoma/documents/thesis_new/thesis/data acqusition/screenshots/devonenergy,C:/Users/thoma/Documents/Thesis_new/Thesis/Data acqusition/Screenshots/devonenergy.png,False
C:/users/thoma/documents/thesis_new/thesis/data acqusition/screenshots/diamondbackenergy,C:/Users/thoma/Documents/Thesis_new/Thesis/Data acqusition/Screenshots/diamondbackenergy.png,False
C:/users/thoma/documents/thesis_new/thesis/data acqusition/screenshots/dickssportinggoods,C:/Users/thoma/Documents/Thesis_new/Thesis/Data acqusition/Screenshots/dickssportinggoods.png,False
C:/users/thoma/documents/thesis_new/thesis/data acqusition/screenshots/discover,C:/Users/thoma/Documents/Thesis_new/Thesis/Data acqusition/Screenshots/discover.png,False
C:/users/thoma/documents/thesis_new/thesis/data acqusition/screenshots/dish,C:/Users/thoma/Documents/Thesis_new/Thesis/Data acqusition/Screenshots/dish.png,False
C:/users/thoma/documents/thesis_new/thesis/data acqusition/screenshots/dollargeneral,C:/Users/thoma/Documents/Thesis_new/Thesis/Data acqusition/Screenshots/dollargeneral.png,False
C:/users/thoma/documents/thesis_new/thesis/data acqusition/screenshots/dollartree,C:/Users/thoma/Documents/Thesis_new/Thesis/Data acqusition/Screenshots/dollartree.png,False
C:/users/thoma/documents/thesis_new/thesis/data acqusition/screenshots/dominionenergy,C:/Users/thoma/Documents/Thesis_new/Thesis/Data acqusition/Screenshots/dominionenergy.png,False
C:/users/thoma/documents/thesis_new/thesis/data acqusition/screenshots/dovercorporation,C:/Users/thoma/Documents/Thesis_new/Thesis/Data acqusition/Screenshots/dovercorporation.png,False
C:/users/thoma/documents/thesis_new/thesis/data acqusition/screenshots/dow,C:/Users/thoma/Documents/Thesis_new/Thesis/Data acqusition/Screenshots/dow.png,True
C:/users/thoma/documents/thesis_new/thesis/data acqusition/screenshots/drhorton,C:/Users/thoma/Documents/Thesis_new/Thesis/Data acqusition/Screenshots/drhorton.png,False
C:/users/thoma/documents/thesis_new/thesis/data acqusition/screenshots/dupont,C:/Users/thoma/Documents/Thesis_new/Thesis/Data acqusition/Screenshots/dupont.png,True
C:/users/thoma/documents/thesis_new/thesis/data acqusition/screenshots/eastman,C:/Users/thoma/Documents/Thesis_new/Thesis/Data acqusition/Screenshots/eastman.png,False
C:/users/thoma/documents/thesis_new/thesis/data acqusition/screenshots/ebay,C:/Users/thoma/Documents/Thesis_new/Thesis/Data acqusition/Screenshots/ebay.png,False
C:/users/thoma/documents/thesis_new/thesis/data acqusition/screenshots/ecolab,C:/Users/thoma/Documents/Thesis_new/Thesis/Data acqusition/Screenshots/ecolab.png,False
C:/users/thoma/documents/thesis_new/thesis/data acqusition/screenshots/edwardjones,C:/Users/thoma/Documents/Thesis_new/Thesis/Data acqusition/Screenshots/edwardjones.png,False
C:/users/thoma/documents/thesis_new/thesis/data acqusition/screenshots/elcompanies,C:/Users/thoma/Documents/Thesis_new/Thesis/Data acqusition/Screenshots/elcompanies.png,False
C:/users/thoma/documents/thesis_new/thesis/data acqusition/screenshots/elevancehealth,C:/Users/thoma/Documents/Thesis_new/Thesis/Data acqusition/Screenshots/elevancehealth.png,False
C:/users/thoma/documents/thesis_new/thesis/data acqusition/screenshots/emcorgroup,C:/Users/thoma/Documents/Thesis_new/Thesis/Data acqusition/Screenshots/emcorgroup.png,True
C:/users/thoma/documents/thesis_new/thesis/data acqusition/screenshots/emerson,C:/Users/thoma/Documents/Thesis_new/Thesis/Data acqusition/Screenshots/emerson.png,True
C:/users/thoma/documents/thesis_new/thesis/data acqusition/screenshots/energytransfer,C:/Users/thoma/Documents/Thesis_new/Thesis/Data acqusition/Screenshots/energytransfer.png,True
C:/users/thoma/documents/thesis_new/thesis/data acqusition/screenshots/enlink,C:/Users/thoma/Documents/Thesis_new/Thesis/Data acqusition/Screenshots/enlink.png,False
C:/users/thoma/documents/thesis_new/thesis/data acqusition/screenshots/entergy,C:/Users/thoma/Documents/Thesis_new/Thesis/Data acqusition/Screenshots/entergy.png,False
C:/users/thoma/documents/thesis_new/thesis/data acqusition/screenshots/eogresources,C:/Users/thoma/Documents/Thesis_new/Thesis/Data acqusition/Screenshots/eogresources.png,False
C:/users/thoma/documents/thesis_new/thesis/data acqusition/screenshots/eqt,C:/Users/thoma/Documents/Thesis_new/Thesis/Data acqusition/Screenshots/eqt.png,False
C:/users/thoma/documents/thesis_new/thesis/data acqusition/screenshots/equinix,C:/Users/thoma/Documents/Thesis_new/Thesis/Data acqusition/Screenshots/equinix.png,False
C:/users/thoma/documents/thesis_new/thesis/data acqusition/screenshots/erieinsurance,C:/Users/thoma/Documents/Thesis_new/Thesis/Data acqusition/Screenshots/erieinsurance.png,False
C:/users/thoma/documents/thesis_new/thesis/data acqusition/screenshots/eversource,C:/Users/thoma/Documents/Thesis_new/Thesis/Data acqusition/Screenshots/eversource.png,False
C:/users/thoma/documents/thesis_new/thesis/data acqusition/screenshots/exeloncorp,C:/Users/thoma/Documents/Thesis_new/Thesis/Data acqusition/Screenshots/exeloncorp.png,False
C:/users/thoma/documents/thesis_new/thesis/data acqusition/screenshots/expediagroup,C:/Users/thoma/Documents/Thesis_new/Thesis/Data acqusition/Screenshots/expediagroup.png,False
C:/users/thoma/documents/thesis_new/thesis/data acqusition/screenshots/expeditors,C:/Users/thoma/Documents/Thesis_new/Thesis/Data acqusition/Screenshots/expeditors.png,True
C:/users/thoma/documents/thesis_new/thesis/data acqusition/screenshots/exxonmobil,C:/Users/thoma/Documents/Thesis_new/Thesis/Data acqusition/Screenshots/exxonmobil.png,True
C:/users/thoma/documents/thesis_new/thesis/data acqusition/screenshots/facebook,C:/Users/thoma/Documents/Thesis_new/Thesis/Data acqusition/Screenshots/facebook.png,True
C:/users/thoma/documents/thesis_new/thesis/data acqusition/screenshots/fanniemae,C:/Users/thoma/Documents/Thesis_new/Thesis/Data acqusition/Screenshots/fanniemae.png,False
C:/users/thoma/documents/thesis_new/thesis/data acqusition/screenshots/farmers,C:/Users/thoma/Documents/Thesis_new/Thesis/Data acqusition/Screenshots/farmers.png,False
C:/users/thoma/documents/thesis_new/thesis/data acqusition/screenshots/fbin,C:/Users/thoma/Documents/Thesis_new/Thesis/Data acqusition/Screenshots/fbin.png,True
C:/users/thoma/documents/thesis_new/thesis/data acqusition/screenshots/fcx,C:/Users/thoma/Documents/Thesis_new/Thesis/Data acqusition/Screenshots/fcx.png,False
C:/users/thoma/documents/thesis_new/thesis/data acqusition/screenshots/fedex,C:/Users/thoma/Documents/Thesis_new/Thesis/Data acqusition/Screenshots/fedex.png,False
C:/users/thoma/documents/thesis_new/thesis/data acqusition/screenshots/firstam,C:/Users/thoma/Documents/Thesis_new/Thesis/Data acqusition/Screenshots/firstam.png,False
C:/users/thoma/documents/thesis_new/thesis/data acqusition/screenshots/fiserv,C:/Users/thoma/Documents/Thesis_new/Thesis/Data acqusition/Screenshots/fiserv.png,True
C:/users/thoma/documents/thesis_new/thesis/data acqusition/screenshots/fisglobal,C:/Users/thoma/Documents/Thesis_new/Thesis/Data acqusition/Screenshots/fisglobal.png,False
C:/users/thoma/documents/thesis_new/thesis/data acqusition/screenshots/fluor,C:/Users/thoma/Documents/Thesis_new/Thesis/Data acqusition/Screenshots/fluor.png,True
C:/users/thoma/documents/thesis_new/thesis/data acqusition/screenshots/footlocker,C:/Users/thoma/Documents/Thesis_new/Thesis/Data acqusition/Screenshots/footlocker.png,False
C:/users/thoma/documents/thesis_new/thesis/data acqusition/screenshots/ford,C:/Users/thoma/Documents/Thesis_new/Thesis/Data acqusition/Screenshots/ford.png,False
C:/users/thoma/documents/thesis_new/thesis/data acqusition/screenshots/foxnews,C:/Users/thoma/Documents/Thesis_new/Thesis/Data acqusition/Screenshots/foxnews.png,False
C:/users/thoma/documents/thesis_new/thesis/data acqusition/screenshots/franklinresources,C:/Users/thoma/Documents/Thesis_new/Thesis/Data acqusition/Screenshots/franklinresources.png,True
C:/users/thoma/documents/thesis_new/thesis/data acqusition/screenshots/gap,C:/Users/thoma/Documents/Thesis_new/Thesis/Data acqusition/Screenshots/gap.png,False
C:/users/thoma/documents/thesis_new/thesis/data acqusition/screenshots/gd,C:/Users/thoma/Documents/Thesis_new/Thesis/Data acqusition/Screenshots/gd.png,True
C:/users/thoma/documents/thesis_new/thesis/data acqusition/screenshots/ge,C:/Users/thoma/Documents/Thesis_new/Thesis/Data acqusition/Screenshots/ge.png,False
C:/users/thoma/documents/thesis_new/thesis/data acqusition/screenshots/generalmills,C:/Users/thoma/Documents/Thesis_new/Thesis/Data acqusition/Screenshots/generalmills.png,True
C:/users/thoma/documents/thesis_new/thesis/data acqusition/screenshots/genpt,C:/Users/thoma/Documents/Thesis_new/Thesis/Data acqusition/Screenshots/genpt.png,True
C:/users/thoma/documents/thesis_new/thesis/data acqusition/screenshots/genworth,C:/Users/thoma/Documents/Thesis_new/Thesis/Data acqusition/Screenshots/genworth.png,False
C:/users/thoma/documents/thesis_new/thesis/data acqusition/screenshots/gilead,C:/Users/thoma/Documents/Thesis_new/Thesis/Data acqusition/Screenshots/gilead.png,True
C:/users/thoma/documents/thesis_new/thesis/data acqusition/screenshots/globalp,C:/Users/thoma/Documents/Thesis_new/Thesis/Data acqusition/Screenshots/globalp.png,False
C:/users/thoma/documents/thesis_new/thesis/data acqusition/screenshots/globalpayments,C:/Users/thoma/Documents/Thesis_new/Thesis/Data acqusition/Screenshots/globalpayments.png,False
C:/users/thoma/documents/thesis_new/thesis/data acqusition/screenshots/gm,C:/Users/thoma/Documents/Thesis_new/Thesis/Data acqusition/Screenshots/gm.png,False
C:/users/thoma/documents/thesis_new/thesis/data acqusition/screenshots/goldmansachs,C:/Users/thoma/Documents/Thesis_new/Thesis/Data acqusition/Screenshots/goldmansachs.png,False
C:/users/thoma/documents/thesis_new/thesis/data acqusition/screenshots/goodyear,C:/Users/thoma/Documents/Thesis_new/Thesis/Data acqusition/Screenshots/goodyear.png,False
C:/users/thoma/documents/thesis_new/thesis/data acqusition/screenshots/grainger,C:/Users/thoma/Documents/Thesis_new/Thesis/Data acqusition/Screenshots/grainger.png,False
C:/users/thoma/documents/thesis_new/thesis/data acqusition/screenshots/graphicpkg,C:/Users/thoma/Documents/Thesis_new/Thesis/Data acqusition/Screenshots/graphicpkg.png,True
C:/users/thoma/documents/thesis_new/thesis/data acqusition/screenshots/graybar,C:/Users/thoma/Documents/Thesis_new/Thesis/Data acqusition/Screenshots/graybar.png,False
C:/users/thoma/documents/thesis_new/thesis/data acqusition/screenshots/group1auto,C:/Users/thoma/Documents/Thesis_new/Thesis/Data acqusition/Screenshots/group1auto.png,False
C:/users/thoma/documents/thesis_new/thesis/data acqusition/screenshots/guardianlife,C:/Users/thoma/Documents/Thesis_new/Thesis/Data acqusition/Screenshots/guardianlife.png,False
C:/users/thoma/documents/thesis_new/thesis/data acqusition/screenshots/halliburton,C:/Users/thoma/Documents/Thesis_new/Thesis/Data acqusition/Screenshots/halliburton.png,False
C:/users/thoma/documents/thesis_new/thesis/data acqusition/screenshots/henryschein,C:/Users/thoma/Documents/Thesis_new/Thesis/Data acqusition/Screenshots/henryschein.png,False
C:/users/thoma/documents/thesis_new/thesis/data acqusition/screenshots/hertz,C:/Users/thoma/Documents/Thesis_new/Thesis/Data acqusition/Screenshots/hertz.png,False
C:/users/thoma/documents/thesis_new/thesis/data acqusition/screenshots/hess,C:/Users/thoma/Documents/Thesis_new/Thesis/Data acqusition/Screenshots/hess.png,False
C:/users/thoma/documents/thesis_new/thesis/data acqusition/screenshots/hfsinclair,C:/Users/thoma/Documents/Thesis_new/Thesis/Data acqusition/Screenshots/hfsinclair.png,False
C:/users/thoma/documents/thesis_new/thesis/data acqusition/screenshots/hilton,C:/Users/thoma/Documents/Thesis_new/Thesis/Data acqusition/Screenshots/hilton.png,True
C:/users/thoma/documents/thesis_new/thesis/data acqusition/screenshots/homedepot,C:/Users/thoma/Documents/Thesis_new/Thesis/Data acqusition/Screenshots/homedepot.png,False
C:/users/thoma/documents/thesis_new/thesis/data acqusition/screenshots/honeywell,C:/Users/thoma/Documents/Thesis_new/Thesis/Data acqusition/Screenshots/honeywell.png,False
C:/users/thoma/documents/thesis_new/thesis/data acqusition/screenshots/hormelfoods,C:/Users/thoma/Documents/Thesis_new/Thesis/Data acqusition/Screenshots/hormelfoods.png,False
C:/users/thoma/documents/thesis_new/thesis/data acqusition/screenshots/hp,C:/Users/thoma/Documents/Thesis_new/Thesis/Data acqusition/Screenshots/hp.png,True
C:/users/thoma/documents/thesis_new/thesis/data acqusition/screenshots/hpe,C:/Users/thoma/Documents/Thesis_new/Thesis/Data acqusition/Screenshots/hpe.png,False
C:/users/thoma/documents/thesis_new/thesis/data acqusition/screenshots/humana,C:/Users/thoma/Documents/Thesis_new/Thesis/Data acqusition/Screenshots/humana.png,False
C:/users/thoma/documents/thesis_new/thesis/data acqusition/screenshots/huntington,C:/Users/thoma/Documents/Thesis_new/Thesis/Data acqusition/Screenshots/huntington.png,False
C:/users/thoma/documents/thesis_new/thesis/data acqusition/screenshots/huntsman,C:/Users/thoma/Documents/Thesis_new/Thesis/Data acqusition/Screenshots/huntsman.png,True
C:/users/thoma/documents/thesis_new/thesis/data acqusition/screenshots/ibm,C:/Users/thoma/Documents/Thesis_new/Thesis/Data acqusition/Screenshots/ibm.png,False
C:/users/thoma/documents/thesis_new/thesis/data acqusition/screenshots/ielp,C:/Users/thoma/Documents/Thesis_new/Thesis/Data acqusition/Screenshots/ielp.png,False
C:/users/thoma/documents/thesis_new/thesis/data acqusition/screenshots/iff,C:/Users/thoma/Documents/Thesis_new/Thesis/Data acqusition/Screenshots/iff.png,True
C:/users/thoma/documents/thesis_new/thesis/data acqusition/screenshots/ingredion,C:/Users/thoma/Documents/Thesis_new/Thesis/Data acqusition/Screenshots/ingredion.png,False
C:/users/thoma/documents/thesis_new/thesis/data acqusition/screenshots/insight,C:/Users/thoma/Documents/Thesis_new/Thesis/Data acqusition/Screenshots/insight.png,True
C:/users/thoma/documents/thesis_new/thesis/data acqusition/screenshots/intel,C:/Users/thoma/Documents/Thesis_new/Thesis/Data acqusition/Screenshots/intel.png,True
C:/users/thoma/documents/thesis_new/thesis/data acqusition/screenshots/internationalpaper,C:/Users/thoma/Documents/Thesis_new/Thesis/Data acqusition/Screenshots/internationalpaper.png,True
C:/users/thoma/documents/thesis_new/thesis/data acqusition/screenshots/interpublic,C:/Users/thoma/Documents/Thesis_new/Thesis/Data acqusition/Screenshots/interpublic.png,False
C:/users/thoma/documents/thesis_new/thesis/data acqusition/screenshots/intuit,C:/Users/thoma/Documents/Thesis_new/Thesis/Data acqusition/Screenshots/intuit.png,False
C:/users/thoma/documents/thesis_new/thesis/data acqusition/screenshots/iqvia,C:/Users/thoma/Documents/Thesis_new/Thesis/Data acqusition/Screenshots/iqvia.png,False
C:/users/thoma/documents/thesis_new/thesis/data acqusition/screenshots/itw,C:/Users/thoma/Documents/Thesis_new/Thesis/Data acqusition/Screenshots/itw.png,True
C:/users/thoma/documents/thesis_new/thesis/data acqusition/screenshots/jabil,C:/Users/thoma/Documents/Thesis_new/Thesis/Data acqusition/Screenshots/jabil.png,False
C:/users/thoma/documents/thesis_new/thesis/data acqusition/screenshots/jackson,C:/Users/thoma/Documents/Thesis_new/Thesis/Data acqusition/Screenshots/jackson.png,True
C:/users/thoma/documents/thesis_new/thesis/data acqusition/screenshots/jacobs,C:/Users/thoma/Documents/Thesis_new/Thesis/Data acqusition/Screenshots/jacobs.png,True
C:/users/thoma/documents/thesis_new/thesis/data acqusition/screenshots/jbhunt,C:/Users/thoma/Documents/Thesis_new/Thesis/Data acqusition/Screenshots/jbhunt.png,True
C:/users/thoma/documents/thesis_new/thesis/data acqusition/screenshots/jetblue,C:/Users/thoma/Documents/Thesis_new/Thesis/Data acqusition/Screenshots/jetblue.png,False
C:/users/thoma/documents/thesis_new/thesis/data acqusition/screenshots/jmsmucker,C:/Users/thoma/Documents/Thesis_new/Thesis/Data acqusition/Screenshots/jmsmucker.png,True
C:/users/thoma/documents/thesis_new/thesis/data acqusition/screenshots/jnj,C:/Users/thoma/Documents/Thesis_new/Thesis/Data acqusition/Screenshots/jnj.png,True
C:/users/thoma/documents/thesis_new/thesis/data acqusition/screenshots/jpmorganchase,C:/Users/thoma/Documents/Thesis_new/Thesis/Data acqusition/Screenshots/jpmorganchase.png,True
C:/users/thoma/documents/thesis_new/thesis/data acqusition/screenshots/kelloggs,C:/Users/thoma/Documents/Thesis_new/Thesis/Data acqusition/Screenshots/kelloggs.png,False
C:/users/thoma/documents/thesis_new/thesis/data acqusition/screenshots/keurigdrpepper,C:/Users/thoma/Documents/Thesis_new/Thesis/Data acqusition/Screenshots/keurigdrpepper.png,False
C:/users/thoma/documents/thesis_new/thesis/data acqusition/screenshots/keycorpltd,C:/Users/thoma/Documents/Thesis_new/Thesis/Data acqusition/Screenshots/keycorpltd.png,False
C:/users/thoma/documents/thesis_new/thesis/data acqusition/screenshots/kiewit,C:/Users/thoma/Documents/Thesis_new/Thesis/Data acqusition/Screenshots/kiewit.png,False
C:/users/thoma/documents/thesis_new/thesis/data acqusition/screenshots/kindermorgan,C:/Users/thoma/Documents/Thesis_new/Thesis/Data acqusition/Screenshots/kindermorgan.png,False
C:/users/thoma/documents/thesis_new/thesis/data acqusition/screenshots/kkr,C:/Users/thoma/Documents/Thesis_new/Thesis/Data acqusition/Screenshots/kkr.png,False
C:/users/thoma/documents/thesis_new/thesis/data acqusition/screenshots/kla,C:/Users/thoma/Documents/Thesis_new/Thesis/Data acqusition/Screenshots/kla.png,True
C:/users/thoma/documents/thesis_new/thesis/data acqusition/screenshots/knight-swift,C:/Users/thoma/Documents/Thesis_new/Thesis/Data acqusition/Screenshots/knight-swift.png,False
C:/users/thoma/documents/thesis_new/thesis/data acqusition/screenshots/kohls,C:/Users/thoma/Documents/Thesis_new/Thesis/Data acqusition/Screenshots/kohls.png,False
C:/users/thoma/documents/thesis_new/thesis/data acqusition/screenshots/kraftheinzcompany,C:/Users/thoma/Documents/Thesis_new/Thesis/Data acqusition/Screenshots/kraftheinzcompany.png,True
C:/users/thoma/documents/thesis_new/thesis/data acqusition/screenshots/kroger,C:/Users/thoma/Documents/Thesis_new/Thesis/Data acqusition/Screenshots/kroger.png,False
C:/users/thoma/documents/thesis_new/thesis/data acqusition/screenshots/kyndryl,C:/Users/thoma/Documents/Thesis_new/Thesis/Data acqusition/Screenshots/kyndryl.png,False
C:/users/thoma/documents/thesis_new/thesis/data acqusition/screenshots/l3harris,C:/Users/thoma/Documents/Thesis_new/Thesis/Data acqusition/Screenshots/l3harris.png,False
C:/users/thoma/documents/thesis_new/thesis/data acqusition/screenshots/labcorp,C:/Users/thoma/Documents/Thesis_new/Thesis/Data acqusition/Screenshots/labcorp.png,True
C:/users/thoma/documents/thesis_new/thesis/data acqusition/screenshots/lamresearch,C:/Users/thoma/Documents/Thesis_new/Thesis/Data acqusition/Screenshots/lamresearch.png,False
C:/users/thoma/documents/thesis_new/thesis/data acqusition/screenshots/landolakesinc,C:/Users/thoma/Documents/Thesis_new/Thesis/Data acqusition/Screenshots/landolakesinc.png,False
C:/users/thoma/documents/thesis_new/thesis/data acqusition/screenshots/landstar,C:/Users/thoma/Documents/Thesis_new/Thesis/Data acqusition/Screenshots/landstar.png,False
C:/users/thoma/documents/thesis_new/thesis/data acqusition/screenshots/lear,C:/Users/thoma/Documents/Thesis_new/Thesis/Data acqusition/Screenshots/lear.png,False
C:/users/thoma/documents/thesis_new/thesis/data acqusition/screenshots/leidos,C:/Users/thoma/Documents/Thesis_new/Thesis/Data acqusition/Screenshots/leidos.png,True
C:/users/thoma/documents/thesis_new/thesis/data acqusition/screenshots/lennar,C:/Users/thoma/Documents/Thesis_new/Thesis/Data acqusition/Screenshots/lennar.png,False
C:/users/thoma/documents/thesis_new/thesis/data acqusition/screenshots/lfg,C:/Users/thoma/Documents/Thesis_new/Thesis/Data acqusition/Screenshots/lfg.png,False
C:/users/thoma/documents/thesis_new/thesis/data acqusition/screenshots/libertymedia,C:/Users/thoma/Documents/Thesis_new/Thesis/Data acqusition/Screenshots/libertymedia.png,False
C:/users/thoma/documents/thesis_new/thesis/data acqusition/screenshots/libertymutualgroup,C:/Users/thoma/Documents/Thesis_new/Thesis/Data acqusition/Screenshots/libertymutualgroup.png,False
C:/users/thoma/documents/thesis_new/thesis/data acqusition/screenshots/lilly,C:/Users/thoma/Documents/Thesis_new/Thesis/Data acqusition/Screenshots/lilly.png,False
C:/users/thoma/documents/thesis_new/thesis/data acqusition/screenshots/lithia,C:/Users/thoma/Documents/Thesis_new/Thesis/Data acqusition/Screenshots/lithia.png,False
C:/users/thoma/documents/thesis_new/thesis/data acqusition/screenshots/livenationentertainment,C:/Users/thoma/Documents/Thesis_new/Thesis/Data acqusition/Screenshots/livenationentertainment.png,False
C:/users/thoma/documents/thesis_new/thesis/data acqusition/screenshots/lkqcorp,C:/Users/thoma/Documents/Thesis_new/Thesis/Data acqusition/Screenshots/lkqcorp.png,True
C:/users/thoma/documents/thesis_new/thesis/data acqusition/screenshots/lockheedmartin,C:/Users/thoma/Documents/Thesis_new/Thesis/Data acqusition/Screenshots/lockheedmartin.png,False
C:/users/thoma/documents/thesis_new/thesis/data acqusition/screenshots/lowes,C:/Users/thoma/Documents/Thesis_new/Thesis/Data acqusition/Screenshots/lowes.png,False
C:/users/thoma/documents/thesis_new/thesis/data acqusition/screenshots/lpl,C:/Users/thoma/Documents/Thesis_new/Thesis/Data acqusition/Screenshots/lpl.png,False
C:/users/thoma/documents/thesis_new/thesis/data acqusition/screenshots/lululemon,C:/Users/thoma/Documents/Thesis_new/Thesis/Data acqusition/Screenshots/lululemon.png,False
C:/users/thoma/documents/thesis_new/thesis/data acqusition/screenshots/lumen,C:/Users/thoma/Documents/Thesis_new/Thesis/Data acqusition/Screenshots/lumen.png,True
C:/users/thoma/documents/thesis_new/thesis/data acqusition/screenshots/macys,C:/Users/thoma/Documents/Thesis_new/Thesis/Data acqusition/Screenshots/macys.png,False
C:/users/thoma/documents/thesis_new/thesis/data acqusition/screenshots/manpowergroup,C:/Users/thoma/Documents/Thesis_new/Thesis/Data acqusition/Screenshots/manpowergroup.png,True
C:/users/thoma/documents/thesis_new/thesis/data acqusition/screenshots/marathonoil,C:/Users/thoma/Documents/Thesis_new/Thesis/Data acqusition/Screenshots/marathonoil.png,False
C:/users/thoma/documents/thesis_new/thesis/data acqusition/screenshots/marathonpetroleum,C:/Users/thoma/Documents/Thesis_new/Thesis/Data acqusition/Screenshots/marathonpetroleum.png,False
C:/users/thoma/documents/thesis_new/thesis/data acqusition/screenshots/markel,C:/Users/thoma/Documents/Thesis_new/Thesis/Data acqusition/Screenshots/markel.png,True
C:/users/thoma/documents/thesis_new/thesis/data acqusition/screenshots/marriott,C:/Users/thoma/Documents/Thesis_new/Thesis/Data acqusition/Screenshots/marriott.png,False
C:/users/thoma/documents/thesis_new/thesis/data acqusition/screenshots/marsh,C:/Users/thoma/Documents/Thesis_new/Thesis/Data acqusition/Screenshots/marsh.png,True
C:/users/thoma/documents/thesis_new/thesis/data acqusition/screenshots/massmutual,C:/Users/thoma/Documents/Thesis_new/Thesis/Data acqusition/Screenshots/massmutual.png,False
C:/users/thoma/documents/thesis_new/thesis/data acqusition/screenshots/mastercard,C:/Users/thoma/Documents/Thesis_new/Thesis/Data acqusition/Screenshots/mastercard.png,True
C:/users/thoma/documents/thesis_new/thesis/data acqusition/screenshots/mcdonalds,C:/Users/thoma/Documents/Thesis_new/Thesis/Data acqusition/Screenshots/mcdonalds.png,False
C:/users/thoma/documents/thesis_new/thesis/data acqusition/screenshots/mckesson,C:/Users/thoma/Documents/Thesis_new/Thesis/Data acqusition/Screenshots/mckesson.png,True
C:/users/thoma/documents/thesis_new/thesis/data acqusition/screenshots/merck,C:/Users/thoma/Documents/Thesis_new/Thesis/Data acqusition/Screenshots/merck.png,True
C:/users/thoma/documents/thesis_new/thesis/data acqusition/screenshots/metlife,C:/Users/thoma/Documents/Thesis_new/Thesis/Data acqusition/Screenshots/metlife.png,False
C:/users/thoma/documents/thesis_new/thesis/data acqusition/screenshots/mgmresorts,C:/Users/thoma/Documents/Thesis_new/Thesis/Data acqusition/Screenshots/mgmresorts.png,False
C:/users/thoma/documents/thesis_new/thesis/data acqusition/screenshots/micron,C:/Users/thoma/Documents/Thesis_new/Thesis/Data acqusition/Screenshots/micron.png,True
C:/users/thoma/documents/thesis_new/thesis/data acqusition/screenshots/microsoft,C:/Users/thoma/Documents/Thesis_new/Thesis/Data acqusition/Screenshots/microsoft.png,False
C:/users/thoma/documents/thesis_new/thesis/data acqusition/screenshots/modernatx,C:/Users/thoma/Documents/Thesis_new/Thesis/Data acqusition/Screenshots/modernatx.png,True
C:/users/thoma/documents/thesis_new/thesis/data acqusition/screenshots/molinahealthcare,C:/Users/thoma/Documents/Thesis_new/Thesis/Data acqusition/Screenshots/molinahealthcare.png,False
C:/users/thoma/documents/thesis_new/thesis/data acqusition/screenshots/molsoncoors,C:/Users/thoma/Documents/Thesis_new/Thesis/Data acqusition/Screenshots/molsoncoors.png,False
C:/users/thoma/documents/thesis_new/thesis/data acqusition/screenshots/mondelezinternational,C:/Users/thoma/Documents/Thesis_new/Thesis/Data acqusition/Screenshots/mondelezinternational.png,True
C:/users/thoma/documents/thesis_new/thesis/data acqusition/screenshots/morganstanley,C:/Users/thoma/Documents/Thesis_new/Thesis/Data acqusition/Screenshots/morganstanley.png,True
C:/users/thoma/documents/thesis_new/thesis/data acqusition/screenshots/mosaicco,C:/Users/thoma/Documents/Thesis_new/Thesis/Data acqusition/Screenshots/mosaicco.png,False
C:/users/thoma/documents/thesis_new/thesis/data acqusition/screenshots/motorolasolutions,C:/Users/thoma/Documents/Thesis_new/Thesis/Data acqusition/Screenshots/motorolasolutions.png,False
C:/users/thoma/documents/thesis_new/thesis/data acqusition/screenshots/mtb,C:/Users/thoma/Documents/Thesis_new/Thesis/Data acqusition/Screenshots/mtb.png,False
C:/users/thoma/documents/thesis_new/thesis/data acqusition/screenshots/murphyusa,C:/Users/thoma/Documents/Thesis_new/Thesis/Data acqusition/Screenshots/murphyusa.png,False
C:/users/thoma/documents/thesis_new/thesis/data acqusition/screenshots/mutualofomaha,C:/Users/thoma/Documents/Thesis_new/Thesis/Data acqusition/Screenshots/mutualofomaha.png,False
C:/users/thoma/documents/thesis_new/thesis/data acqusition/screenshots/nationwide,C:/Users/thoma/Documents/Thesis_new/Thesis/Data acqusition/Screenshots/nationwide.png,True
C:/users/thoma/documents/thesis_new/thesis/data acqusition/screenshots/ncr,C:/Users/thoma/Documents/Thesis_new/Thesis/Data acqusition/Screenshots/ncr.png,False
C:/users/thoma/documents/thesis_new/thesis/data acqusition/screenshots/netflix,C:/Users/thoma/Documents/Thesis_new/Thesis/Data acqusition/Screenshots/netflix.png,False
C:/users/thoma/documents/thesis_new/thesis/data acqusition/screenshots/newellbrands,C:/Users/thoma/Documents/Thesis_new/Thesis/Data acqusition/Screenshots/newellbrands.png,True
C:/users/thoma/documents/thesis_new/thesis/data acqusition/screenshots/newyorklife,C:/Users/thoma/Documents/Thesis_new/Thesis/Data acqusition/Screenshots/newyorklife.png,False
C:/users/thoma/documents/thesis_new/thesis/data acqusition/screenshots/nexteraenergy,C:/Users/thoma/Documents/Thesis_new/Thesis/Data acqusition/Screenshots/nexteraenergy.png,False
C:/users/thoma/documents/thesis_new/thesis/data acqusition/screenshots/nglenergypartners,C:/Users/thoma/Documents/Thesis_new/Thesis/Data acqusition/Screenshots/nglenergypartners.png,False
C:/users/thoma/documents/thesis_new/thesis/data acqusition/screenshots/nike,C:/Users/thoma/Documents/Thesis_new/Thesis/Data acqusition/Screenshots/nike.png,False
C:/users/thoma/documents/thesis_new/thesis/data acqusition/screenshots/nordstrom,C:/Users/thoma/Documents/Thesis_new/Thesis/Data acqusition/Screenshots/nordstrom.png,False
C:/users/thoma/documents/thesis_new/thesis/data acqusition/screenshots/northerntrust,C:/Users/thoma/Documents/Thesis_new/Thesis/Data acqusition/Screenshots/northerntrust.png,False
C:/users/thoma/documents/thesis_new/thesis/data acqusition/screenshots/northropgrumman,C:/Users/thoma/Documents/Thesis_new/Thesis/Data acqusition/Screenshots/northropgrumman.png,True
C:/users/thoma/documents/thesis_new/thesis/data acqusition/screenshots/northwesternmutual,C:/Users/thoma/Documents/Thesis_new/Thesis/Data acqusition/Screenshots/northwesternmutual.png,True
C:/users/thoma/documents/thesis_new/thesis/data acqusition/screenshots/nrg,C:/Users/thoma/Documents/Thesis_new/Thesis/Data acqusition/Screenshots/nrg.png,False
C:/users/thoma/documents/thesis_new/thesis/data acqusition/screenshots/nucor,C:/Users/thoma/Documents/Thesis_new/Thesis/Data acqusition/Screenshots/nucor.png,False
C:/users/thoma/documents/thesis_new/thesis/data acqusition/screenshots/nvidia,C:/Users/thoma/Documents/Thesis_new/Thesis/Data acqusition/Screenshots/nvidia.png,True
C:/users/thoma/documents/thesis_new/thesis/data acqusition/screenshots/officedepot,C:/Users/thoma/Documents/Thesis_new/Thesis/Data acqusition/Screenshots/officedepot.png,False
C:/users/thoma/documents/thesis_new/thesis/data acqusition/screenshots/oldrepublic,C:/Users/thoma/Documents/Thesis_new/Thesis/Data acqusition/Screenshots/oldrepublic.png,False
C:/users/thoma/documents/thesis_new/thesis/data acqusition/screenshots/omnicomgroup,C:/Users/thoma/Documents/Thesis_new/Thesis/Data acqusition/Screenshots/omnicomgroup.png,False
C:/users/thoma/documents/thesis_new/thesis/data acqusition/screenshots/oneok,C:/Users/thoma/Documents/Thesis_new/Thesis/Data acqusition/Screenshots/oneok.png,False
C:/users/thoma/documents/thesis_new/thesis/data acqusition/screenshots/onsemi,C:/Users/thoma/Documents/Thesis_new/Thesis/Data acqusition/Screenshots/onsemi.png,True
C:/users/thoma/documents/thesis_new/thesis/data acqusition/screenshots/opendoor,C:/Users/thoma/Documents/Thesis_new/Thesis/Data acqusition/Screenshots/opendoor.png,False
C:/users/thoma/documents/thesis_new/thesis/data acqusition/screenshots/oracle,C:/Users/thoma/Documents/Thesis_new/Thesis/Data acqusition/Screenshots/oracle.png,True
C:/users/thoma/documents/thesis_new/thesis/data acqusition/screenshots/oreillyauto,C:/Users/thoma/Documents/Thesis_new/Thesis/Data acqusition/Screenshots/oreillyauto.png,False
C:/users/thoma/documents/thesis_new/thesis/data acqusition/screenshots/oshkosh,C:/Users/thoma/Documents/Thesis_new/Thesis/Data acqusition/Screenshots/oshkosh.png,False
C:/users/thoma/documents/thesis_new/thesis/data acqusition/screenshots/otis,C:/Users/thoma/Documents/Thesis_new/Thesis/Data acqusition/Screenshots/otis.png,True
C:/users/thoma/documents/thesis_new/thesis/data acqusition/screenshots/ovintiv,C:/Users/thoma/Documents/Thesis_new/Thesis/Data acqusition/Screenshots/ovintiv.png,False
C:/users/thoma/documents/thesis_new/thesis/data acqusition/screenshots/owens,C:/Users/thoma/Documents/Thesis_new/Thesis/Data acqusition/Screenshots/owens.png,False
C:/users/thoma/documents/thesis_new/thesis/data acqusition/screenshots/owenscorning,C:/Users/thoma/Documents/Thesis_new/Thesis/Data acqusition/Screenshots/owenscorning.png,False
C:/users/thoma/documents/thesis_new/thesis/data acqusition/screenshots/oxy,C:/Users/thoma/Documents/Thesis_new/Thesis/Data acqusition/Screenshots/oxy.png,False
C:/users/thoma/documents/thesis_new/thesis/data acqusition/screenshots/paccar,C:/Users/thoma/Documents/Thesis_new/Thesis/Data acqusition/Screenshots/paccar.png,True
C:/users/thoma/documents/thesis_new/thesis/data acqusition/screenshots/pacificlife,C:/Users/thoma/Documents/Thesis_new/Thesis/Data acqusition/Screenshots/pacificlife.png,False
C:/users/thoma/documents/thesis_new/thesis/data acqusition/screenshots/packagingcorp,C:/Users/thoma/Documents/Thesis_new/Thesis/Data acqusition/Screenshots/packagingcorp.png,False
C:/users/thoma/documents/thesis_new/thesis/data acqusition/screenshots/paramount,C:/Users/thoma/Documents/Thesis_new/Thesis/Data acqusition/Screenshots/paramount.png,True
C:/users/thoma/documents/thesis_new/thesis/data acqusition/screenshots/parker,C:/Users/thoma/Documents/Thesis_new/Thesis/Data acqusition/Screenshots/parker.png,False
C:/users/thoma/documents/thesis_new/thesis/data acqusition/screenshots/parpacific,C:/Users/thoma/Documents/Thesis_new/Thesis/Data acqusition/Screenshots/parpacific.png,True
C:/users/thoma/documents/thesis_new/thesis/data acqusition/screenshots/paypal,C:/Users/thoma/Documents/Thesis_new/Thesis/Data acqusition/Screenshots/paypal.png,False
C:/users/thoma/documents/thesis_new/thesis/data acqusition/screenshots/pbfenergy,C:/Users/thoma/Documents/Thesis_new/Thesis/Data acqusition/Screenshots/pbfenergy.png,False
C:/users/thoma/documents/thesis_new/thesis/data acqusition/screenshots/penskeautomotive,C:/Users/thoma/Documents/Thesis_new/Thesis/Data acqusition/Screenshots/penskeautomotive.png,False
C:/users/thoma/documents/thesis_new/thesis/data acqusition/screenshots/pepsico,C:/Users/thoma/Documents/Thesis_new/Thesis/Data acqusition/Screenshots/pepsico.png,False
C:/users/thoma/documents/thesis_new/thesis/data acqusition/screenshots/pfgc,C:/Users/thoma/Documents/Thesis_new/Thesis/Data acqusition/Screenshots/pfgc.png,True
C:/users/thoma/documents/thesis_new/thesis/data acqusition/screenshots/pfizer,C:/Users/thoma/Documents/Thesis_new/Thesis/Data acqusition/Screenshots/pfizer.png,False
C:/users/thoma/documents/thesis_new/thesis/data acqusition/screenshots/pg,C:/Users/thoma/Documents/Thesis_new/Thesis/Data acqusition/Screenshots/pg.png,False
C:/users/thoma/documents/thesis_new/thesis/data acqusition/screenshots/pgecorp,C:/Users/thoma/Documents/Thesis_new/Thesis/Data acqusition/Screenshots/pgecorp.png,True
C:/users/thoma/documents/thesis_new/thesis/data acqusition/screenshots/phillips66,C:/Users/thoma/Documents/Thesis_new/Thesis/Data acqusition/Screenshots/phillips66.png,True
C:/users/thoma/documents/thesis_new/thesis/data acqusition/screenshots/plains,C:/Users/thoma/Documents/Thesis_new/Thesis/Data acqusition/Screenshots/plains.png,False
C:/users/thoma/documents/thesis_new/thesis/data acqusition/screenshots/pmi,C:/Users/thoma/Documents/Thesis_new/Thesis/Data acqusition/Screenshots/pmi.png,False
C:/users/thoma/documents/thesis_new/thesis/data acqusition/screenshots/pnc,C:/Users/thoma/Documents/Thesis_new/Thesis/Data acqusition/Screenshots/pnc.png,False
C:/users/thoma/documents/thesis_new/thesis/data acqusition/screenshots/polaris,C:/Users/thoma/Documents/Thesis_new/Thesis/Data acqusition/Screenshots/polaris.png,False
C:/users/thoma/documents/thesis_new/thesis/data acqusition/screenshots/ppg,C:/Users/thoma/Documents/Thesis_new/Thesis/Data acqusition/Screenshots/ppg.png,False
C:/users/thoma/documents/thesis_new/thesis/data acqusition/screenshots/pplindia,C:/Users/thoma/Documents/Thesis_new/Thesis/Data acqusition/Screenshots/pplindia.png,False
C:/users/thoma/documents/thesis_new/thesis/data acqusition/screenshots/principal,C:/Users/thoma/Documents/Thesis_new/Thesis/Data acqusition/Screenshots/principal.png,True
C:/users/thoma/documents/thesis_new/thesis/data acqusition/screenshots/progressive,C:/Users/thoma/Documents/Thesis_new/Thesis/Data acqusition/Screenshots/progressive.png,False
C:/users/thoma/documents/thesis_new/thesis/data acqusition/screenshots/prudential,C:/Users/thoma/Documents/Thesis_new/Thesis/Data acqusition/Screenshots/prudential.png,False
C:/users/thoma/documents/thesis_new/thesis/data acqusition/screenshots/pseg,C:/Users/thoma/Documents/Thesis_new/Thesis/Data acqusition/Screenshots/pseg.png,False
C:/users/thoma/documents/thesis_new/thesis/data acqusition/screenshots/publix,C:/Users/thoma/Documents/Thesis_new/Thesis/Data acqusition/Screenshots/publix.png,False
C:/users/thoma/documents/thesis_new/thesis/data acqusition/screenshots/pultegroupinc,C:/Users/thoma/Documents/Thesis_new/Thesis/Data acqusition/Screenshots/pultegroupinc.png,False
C:/users/thoma/documents/thesis_new/thesis/data acqusition/screenshots/pvh,C:/Users/thoma/Documents/Thesis_new/Thesis/Data acqusition/Screenshots/pvh.png,False
C:/users/thoma/documents/thesis_new/thesis/data acqusition/screenshots/pxd,C:/Users/thoma/Documents/Thesis_new/Thesis/Data acqusition/Screenshots/pxd.png,False
C:/users/thoma/documents/thesis_new/thesis/data acqusition/screenshots/qualcomm,C:/Users/thoma/Documents/Thesis_new/Thesis/Data acqusition/Screenshots/qualcomm.png,True
C:/users/thoma/documents/thesis_new/thesis/data acqusition/screenshots/quantaservices,C:/Users/thoma/Documents/Thesis_new/Thesis/Data acqusition/Screenshots/quantaservices.png,True
C:/users/thoma/documents/thesis_new/thesis/data acqusition/screenshots/questdiagnostics,C:/Users/thoma/Documents/Thesis_new/Thesis/Data acqusition/Screenshots/questdiagnostics.png,True
C:/users/thoma/documents/thesis_new/thesis/data acqusition/screenshots/qurateretailgroup,C:/Users/thoma/Documents/Thesis_new/Thesis/Data acqusition/Screenshots/qurateretailgroup.png,False
C:/users/thoma/documents/thesis_new/thesis/data acqusition/screenshots/raymondjames,C:/Users/thoma/Documents/Thesis_new/Thesis/Data acqusition/Screenshots/raymondjames.png,True
C:/users/thoma/documents/thesis_new/thesis/data acqusition/screenshots/regeneron,C:/Users/thoma/Documents/Thesis_new/Thesis/Data acqusition/Screenshots/regeneron.png,False
C:/users/thoma/documents/thesis_new/thesis/data acqusition/screenshots/regions,C:/Users/thoma/Documents/Thesis_new/Thesis/Data acqusition/Screenshots/regions.png,False
C:/users/thoma/documents/thesis_new/thesis/data acqusition/screenshots/republicservices,C:/Users/thoma/Documents/Thesis_new/Thesis/Data acqusition/Screenshots/republicservices.png,False
C:/users/thoma/documents/thesis_new/thesis/data acqusition/screenshots/rgare,C:/Users/thoma/Documents/Thesis_new/Thesis/Data acqusition/Screenshots/rgare.png,False
C:/users/thoma/documents/thesis_new/thesis/data acqusition/screenshots/riteaid,C:/Users/thoma/Documents/Thesis_new/Thesis/Data acqusition/Screenshots/riteaid.png,False
C:/users/thoma/documents/thesis_new/thesis/data acqusition/screenshots/roberthalf,C:/Users/thoma/Documents/Thesis_new/Thesis/Data acqusition/Screenshots/roberthalf.png,True
C:/users/thoma/documents/thesis_new/thesis/data acqusition/screenshots/rockwellautomation,C:/Users/thoma/Documents/Thesis_new/Thesis/Data acqusition/Screenshots/rockwellautomation.png,False
C:/users/thoma/documents/thesis_new/thesis/data acqusition/screenshots/rossstores,C:/Users/thoma/Documents/Thesis_new/Thesis/Data acqusition/Screenshots/rossstores.png,False
C:/users/thoma/documents/thesis_new/thesis/data acqusition/screenshots/rsac,C:/Users/thoma/Documents/Thesis_new/Thesis/Data acqusition/Screenshots/rsac.png,False
C:/users/thoma/documents/thesis_new/thesis/data acqusition/screenshots/rtx,C:/Users/thoma/Documents/Thesis_new/Thesis/Data acqusition/Screenshots/rtx.png,False
C:/users/thoma/documents/thesis_new/thesis/data acqusition/screenshots/ryder,C:/Users/thoma/Documents/Thesis_new/Thesis/Data acqusition/Screenshots/ryder.png,False
C:/users/thoma/documents/thesis_new/thesis/data acqusition/screenshots/saic,C:/Users/thoma/Documents/Thesis_new/Thesis/Data acqusition/Screenshots/saic.png,True
C:/users/thoma/documents/thesis_new/thesis/data acqusition/screenshots/salesforce,C:/Users/thoma/Documents/Thesis_new/Thesis/Data acqusition/Screenshots/salesforce.png,True
C:/users/thoma/documents/thesis_new/thesis/data acqusition/screenshots/sanmina,C:/Users/thoma/Documents/Thesis_new/Thesis/Data acqusition/Screenshots/sanmina.png,False
C:/users/thoma/documents/thesis_new/thesis/data acqusition/screenshots/schwab,C:/Users/thoma/Documents/Thesis_new/Thesis/Data acqusition/Screenshots/schwab.png,False
C:/users/thoma/documents/thesis_new/thesis/data acqusition/screenshots/seaboardcorp,C:/Users/thoma/Documents/Thesis_new/Thesis/Data acqusition/Screenshots/seaboardcorp.png,False
C:/users/thoma/documents/thesis_new/thesis/data acqusition/screenshots/sempra,C:/Users/thoma/Documents/Thesis_new/Thesis/Data acqusition/Screenshots/sempra.png,False
C:/users/thoma/documents/thesis_new/thesis/data acqusition/screenshots/servicenow,C:/Users/thoma/Documents/Thesis_new/Thesis/Data acqusition/Screenshots/servicenow.png,False
C:/users/thoma/documents/thesis_new/thesis/data acqusition/screenshots/sherwin-williams,C:/Users/thoma/Documents/Thesis_new/Thesis/Data acqusition/Screenshots/sherwin-williams.png,True
C:/users/thoma/documents/thesis_new/thesis/data acqusition/screenshots/skechers,C:/Users/thoma/Documents/Thesis_new/Thesis/Data acqusition/Screenshots/skechers.png,False
C:/users/thoma/documents/thesis_new/thesis/data acqusition/screenshots/sonicautomotive,C:/Users/thoma/Documents/Thesis_new/Thesis/Data acqusition/Screenshots/sonicautomotive.png,False
C:/users/thoma/documents/thesis_new/thesis/data acqusition/screenshots/sonoco,C:/Users/thoma/Documents/Thesis_new/Thesis/Data acqusition/Screenshots/sonoco.png,True
C:/users/thoma/documents/thesis_new/thesis/data acqusition/screenshots/southernrailway,C:/Users/thoma/Documents/Thesis_new/Thesis/Data acqusition/Screenshots/southernrailway.png,False
C:/users/thoma/documents/thesis_new/thesis/data acqusition/screenshots/southwest,C:/Users/thoma/Documents/Thesis_new/Thesis/Data acqusition/Screenshots/southwest.png,False
C:/users/thoma/documents/thesis_new/thesis/data acqusition/screenshots/spartannash,C:/Users/thoma/Documents/Thesis_new/Thesis/Data acqusition/Screenshots/spartannash.png,False
C:/users/thoma/documents/thesis_new/thesis/data acqusition/screenshots/spglobal,C:/Users/thoma/Documents/Thesis_new/Thesis/Data acqusition/Screenshots/spglobal.png,False
C:/users/thoma/documents/thesis_new/thesis/data acqusition/screenshots/stanleyblackanddecker,C:/Users/thoma/Documents/Thesis_new/Thesis/Data acqusition/Screenshots/stanleyblackanddecker.png,False
C:/users/thoma/documents/thesis_new/thesis/data acqusition/screenshots/starbucks,C:/Users/thoma/Documents/Thesis_new/Thesis/Data acqusition/Screenshots/starbucks.png,True
C:/users/thoma/documents/thesis_new/thesis/data acqusition/screenshots/statefarm,C:/Users/thoma/Documents/Thesis_new/Thesis/Data acqusition/Screenshots/statefarm.png,False
C:/users/thoma/documents/thesis_new/thesis/data acqusition/screenshots/statestreet,C:/Users/thoma/Documents/Thesis_new/Thesis/Data acqusition/Screenshots/statestreet.png,True
C:/users/thoma/documents/thesis_new/thesis/data acqusition/screenshots/steeldynamics,C:/Users/thoma/Documents/Thesis_new/Thesis/Data acqusition/Screenshots/steeldynamics.png,False
C:/users/thoma/documents/thesis_new/thesis/data acqusition/screenshots/stonex,C:/Users/thoma/Documents/Thesis_new/Thesis/Data acqusition/Screenshots/stonex.png,True
C:/users/thoma/documents/thesis_new/thesis/data acqusition/screenshots/stryker,C:/Users/thoma/Documents/Thesis_new/Thesis/Data acqusition/Screenshots/stryker.png,False
C:/users/thoma/documents/thesis_new/thesis/data acqusition/screenshots/svb,C:/Users/thoma/Documents/Thesis_new/Thesis/Data acqusition/Screenshots/svb.png,True
C:/users/thoma/documents/thesis_new/thesis/data acqusition/screenshots/swn,C:/Users/thoma/Documents/Thesis_new/Thesis/Data acqusition/Screenshots/swn.png,False
C:/users/thoma/documents/thesis_new/thesis/data acqusition/screenshots/synchrony,C:/Users/thoma/Documents/Thesis_new/Thesis/Data acqusition/Screenshots/synchrony.png,False
C:/users/thoma/documents/thesis_new/thesis/data acqusition/screenshots/sysco,C:/Users/thoma/Documents/Thesis_new/Thesis/Data acqusition/Screenshots/sysco.png,False
C:/users/thoma/documents/thesis_new/thesis/data acqusition/screenshots/ta-petro,C:/Users/thoma/Documents/Thesis_new/Thesis/Data acqusition/Screenshots/ta-petro.png,False
C:/users/thoma/documents/thesis_new/thesis/data acqusition/screenshots/targaresources,C:/Users/thoma/Documents/Thesis_new/Thesis/Data acqusition/Screenshots/targaresources.png,False
C:/users/thoma/documents/thesis_new/thesis/data acqusition/screenshots/target,C:/Users/thoma/Documents/Thesis_new/Thesis/Data acqusition/Screenshots/target.png,False
C:/users/thoma/documents/thesis_new/thesis/data acqusition/screenshots/taylormorrison,C:/Users/thoma/Documents/Thesis_new/Thesis/Data acqusition/Screenshots/taylormorrison.png,False
C:/users/thoma/documents/thesis_new/thesis/data acqusition/screenshots/tdsynnex,C:/Users/thoma/Documents/Thesis_new/Thesis/Data acqusition/Screenshots/tdsynnex.png,False
C:/users/thoma/documents/thesis_new/thesis/data acqusition/screenshots/tenethealth,C:/Users/thoma/Documents/Thesis_new/Thesis/Data acqusition/Screenshots/tenethealth.png,False
C:/users/thoma/documents/thesis_new/thesis/data acqusition/screenshots/tesla,C:/Users/thoma/Documents/Thesis_new/Thesis/Data acqusition/Screenshots/tesla.png,False
C:/users/thoma/documents/thesis_new/thesis/data acqusition/screenshots/test,C:/Users/thoma/Documents/Thesis_new/Thesis/Data acqusition/Screenshots/test.png,True
C:/users/thoma/documents/thesis_new/thesis/data acqusition/screenshots/textron,C:/Users/thoma/Documents/Thesis_new/Thesis/Data acqusition/Screenshots/textron.png,False
C:/users/thoma/documents/thesis_new/thesis/data acqusition/screenshots/thehartford,C:/Users/thoma/Documents/Thesis_new/Thesis/Data acqusition/Screenshots/thehartford.png,False
C:/users/thoma/documents/thesis_new/thesis/data acqusition/screenshots/thehersheycompany,C:/Users/thoma/Documents/Thesis_new/Thesis/Data acqusition/Screenshots/thehersheycompany.png,False
C:/users/thoma/documents/thesis_new/thesis/data acqusition/screenshots/theice,C:/Users/thoma/Documents/Thesis_new/Thesis/Data acqusition/Screenshots/theice.png,False
C:/users/thoma/documents/thesis_new/thesis/data acqusition/screenshots/thermofisher,C:/Users/thoma/Documents/Thesis_new/Thesis/Data acqusition/Screenshots/thermofisher.png,True
C:/users/thoma/documents/thesis_new/thesis/data acqusition/screenshots/thorindustries,C:/Users/thoma/Documents/Thesis_new/Thesis/Data acqusition/Screenshots/thorindustries.png,True
C:/users/thoma/documents/thesis_new/thesis/data acqusition/screenshots/thrivent,C:/Users/thoma/Documents/Thesis_new/Thesis/Data acqusition/Screenshots/thrivent.png,False
C:/users/thoma/documents/thesis_new/thesis/data acqusition/screenshots/ti,C:/Users/thoma/Documents/Thesis_new/Thesis/Data acqusition/Screenshots/ti.png,True
C:/users/thoma/documents/thesis_new/thesis/data acqusition/screenshots/tiaa,C:/Users/thoma/Documents/Thesis_new/Thesis/Data acqusition/Screenshots/tiaa.png,False
C:/users/thoma/documents/thesis_new/thesis/data acqusition/screenshots/tjx,C:/Users/thoma/Documents/Thesis_new/Thesis/Data acqusition/Screenshots/tjx.png,False
C:/users/thoma/documents/thesis_new/thesis/data acqusition/screenshots/tollbrothers,C:/Users/thoma/Documents/Thesis_new/Thesis/Data acqusition/Screenshots/tollbrothers.png,False
C:/users/thoma/documents/thesis_new/thesis/data acqusition/screenshots/tractorsupply,C:/Users/thoma/Documents/Thesis_new/Thesis/Data acqusition/Screenshots/tractorsupply.png,False
C:/users/thoma/documents/thesis_new/thesis/data acqusition/screenshots/travelers,C:/Users/thoma/Documents/Thesis_new/Thesis/Data acqusition/Screenshots/travelers.png,False
C:/users/thoma/documents/thesis_new/thesis/data acqusition/screenshots/truist,C:/Users/thoma/Documents/Thesis_new/Thesis/Data acqusition/Screenshots/truist.png,False
C:/users/thoma/documents/thesis_new/thesis/data acqusition/screenshots/tysonfoods,C:/Users/thoma/Documents/Thesis_new/Thesis/Data acqusition/Screenshots/tysonfoods.png,True
C:/users/thoma/documents/thesis_new/thesis/data acqusition/screenshots/uber,C:/Users/thoma/Documents/Thesis_new/Thesis/Data acqusition/Screenshots/uber.png,True
C:/users/thoma/documents/thesis_new/thesis/data acqusition/screenshots/ufpi,C:/Users/thoma/Documents/Thesis_new/Thesis/Data acqusition/Screenshots/ufpi.png,False
C:/users/thoma/documents/thesis_new/thesis/data acqusition/screenshots/ugicorp,C:/Users/thoma/Documents/Thesis_new/Thesis/Data acqusition/Screenshots/ugicorp.png,False
C:/users/thoma/documents/thesis_new/thesis/data acqusition/screenshots/ulta,C:/Users/thoma/Documents/Thesis_new/Thesis/Data acqusition/Screenshots/ulta.png,False
C:/users/thoma/documents/thesis_new/thesis/data acqusition/screenshots/unfi,C:/Users/thoma/Documents/Thesis_new/Thesis/Data acqusition/Screenshots/unfi.png,True
C:/users/thoma/documents/thesis_new/thesis/data acqusition/screenshots/united,C:/Users/thoma/Documents/Thesis_new/Thesis/Data acqusition/Screenshots/united.png,False
C:/users/thoma/documents/thesis_new/thesis/data acqusition/screenshots/unitedhealthgroup,C:/Users/thoma/Documents/Thesis_new/Thesis/Data acqusition/Screenshots/unitedhealthgroup.png,True
C:/users/thoma/documents/thesis_new/thesis/data acqusition/screenshots/unitedrentals,C:/Users/thoma/Documents/Thesis_new/Thesis/Data acqusition/Screenshots/unitedrentals.png,False
C:/users/thoma/documents/thesis_new/thesis/data acqusition/screenshots/univarsolutions,C:/Users/thoma/Documents/Thesis_new/Thesis/Data acqusition/Screenshots/univarsolutions.png,False
C:/users/thoma/documents/thesis_new/thesis/data acqusition/screenshots/unum,C:/Users/thoma/Documents/Thesis_new/Thesis/Data acqusition/Screenshots/unum.png,True
C:/users/thoma/documents/thesis_new/thesis/data acqusition/screenshots/up,C:/Users/thoma/Documents/Thesis_new/Thesis/Data acqusition/Screenshots/up.png,False
C:/users/thoma/documents/thesis_new/thesis/data acqusition/screenshots/ups,C:/Users/thoma/Documents/Thesis_new/Thesis/Data acqusition/Screenshots/ups.png,False
C:/users/thoma/documents/thesis_new/thesis/data acqusition/screenshots/us,C:/Users/thoma/Documents/Thesis_new/Thesis/Data acqusition/Screenshots/us.png,False
C:/users/thoma/documents/thesis_new/thesis/data acqusition/screenshots/usaa,C:/Users/thoma/Documents/Thesis_new/Thesis/Data acqusition/Screenshots/usaa.png,False
C:/users/thoma/documents/thesis_new/thesis/data acqusition/screenshots/usbank,C:/Users/thoma/Documents/Thesis_new/Thesis/Data acqusition/Screenshots/usbank.png,False
C:/users/thoma/documents/thesis_new/thesis/data acqusition/screenshots/usfoods,C:/Users/thoma/Documents/Thesis_new/Thesis/Data acqusition/Screenshots/usfoods.png,False
C:/users/thoma/documents/thesis_new/thesis/data acqusition/screenshots/ussteel,C:/Users/thoma/Documents/Thesis_new/Thesis/Data acqusition/Screenshots/ussteel.png,False
C:/users/thoma/documents/thesis_new/thesis/data acqusition/screenshots/valero,C:/Users/thoma/Documents/Thesis_new/Thesis/Data acqusition/Screenshots/valero.png,False
C:/users/thoma/documents/thesis_new/thesis/data acqusition/screenshots/verizon,C:/Users/thoma/Documents/Thesis_new/Thesis/Data acqusition/Screenshots/verizon.png,False
C:/users/thoma/documents/thesis_new/thesis/data acqusition/screenshots/viatris,C:/Users/thoma/Documents/Thesis_new/Thesis/Data acqusition/Screenshots/viatris.png,True
C:/users/thoma/documents/thesis_new/thesis/data acqusition/screenshots/visa,C:/Users/thoma/Documents/Thesis_new/Thesis/Data acqusition/Screenshots/visa.png,True
C:/users/thoma/documents/thesis_new/thesis/data acqusition/screenshots/vistra,C:/Users/thoma/Documents/Thesis_new/Thesis/Data acqusition/Screenshots/vistra.png,False
C:/users/thoma/documents/thesis_new/thesis/data acqusition/screenshots/vmware,C:/Users/thoma/Documents/Thesis_new/Thesis/Data acqusition/Screenshots/vmware.png,False
C:/users/thoma/documents/thesis_new/thesis/data acqusition/screenshots/vrtx,C:/Users/thoma/Documents/Thesis_new/Thesis/Data acqusition/Screenshots/vrtx.png,False
C:/users/thoma/documents/thesis_new/thesis/data acqusition/screenshots/vulcanmaterials,C:/Users/thoma/Documents/Thesis_new/Thesis/Data acqusition/Screenshots/vulcanmaterials.png,False
C:/users/thoma/documents/thesis_new/thesis/data acqusition/screenshots/wabteccorp,C:/Users/thoma/Documents/Thesis_new/Thesis/Data acqusition/Screenshots/wabteccorp.png,False
C:/users/thoma/documents/thesis_new/thesis/data acqusition/screenshots/walgreensbootsalliance,C:/Users/thoma/Documents/Thesis_new/Thesis/Data acqusition/Screenshots/walgreensbootsalliance.png,False
C:/users/thoma/documents/thesis_new/thesis/data acqusition/screenshots/walmart,C:/Users/thoma/Documents/Thesis_new/Thesis/Data acqusition/Screenshots/walmart.png,False
C:/users/thoma/documents/thesis_new/thesis/data acqusition/screenshots/watsco,C:/Users/thoma/Documents/Thesis_new/Thesis/Data acqusition/Screenshots/watsco.png,True
C:/users/thoma/documents/thesis_new/thesis/data acqusition/screenshots/wayfair,C:/Users/thoma/Documents/Thesis_new/Thesis/Data acqusition/Screenshots/wayfair.png,False
C:/users/thoma/documents/thesis_new/thesis/data acqusition/screenshots/wellsfargo,C:/Users/thoma/Documents/Thesis_new/Thesis/Data acqusition/Screenshots/wellsfargo.png,False
C:/users/thoma/documents/thesis_new/thesis/data acqusition/screenshots/wesco,C:/Users/thoma/Documents/Thesis_new/Thesis/Data acqusition/Screenshots/wesco.png,False
C:/users/thoma/documents/thesis_new/thesis/data acqusition/screenshots/westerndigital,C:/Users/thoma/Documents/Thesis_new/Thesis/Data acqusition/Screenshots/westerndigital.png,True
C:/users/thoma/documents/thesis_new/thesis/data acqusition/screenshots/westernsouthern,C:/Users/thoma/Documents/Thesis_new/Thesis/Data acqusition/Screenshots/westernsouthern.png,False
C:/users/thoma/documents/thesis_new/thesis/data acqusition/screenshots/westlake,C:/Users/thoma/Documents/Thesis_new/Thesis/Data acqusition/Screenshots/westlake.png,False
C:/users/thoma/documents/thesis_new/thesis/data acqusition/screenshots/westrock,C:/Users/thoma/Documents/Thesis_new/Thesis/Data acqusition/Screenshots/westrock.png,True
C:/users/thoma/documents/thesis_new/thesis/data acqusition/screenshots/weyerhaeuser,C:/Users/thoma/Documents/Thesis_new/Thesis/Data acqusition/Screenshots/weyerhaeuser.png,False
C:/users/thoma/documents/thesis_new/thesis/data acqusition/screenshots/whirlpoolcorp,C:/Users/thoma/Documents/Thesis_new/Thesis/Data acqusition/Screenshots/whirlpoolcorp.png,False
C:/users/thoma/documents/thesis_new/thesis/data acqusition/screenshots/williams-sonoma,C:/Users/thoma/Documents/Thesis_new/Thesis/Data acqusition/Screenshots/williams-sonoma.png,False
C:/users/thoma/documents/thesis_new/thesis/data acqusition/screenshots/williamsf1,C:/Users/thoma/Documents/Thesis_new/Thesis/Data acqusition/Screenshots/williamsf1.png,True
C:/users/thoma/documents/thesis_new/thesis/data acqusition/screenshots/world-kinect,C:/Users/thoma/Documents/Thesis_new/Thesis/Data acqusition/Screenshots/world-kinect.png,False
C:/users/thoma/documents/thesis_new/thesis/data acqusition/screenshots/xcelenergy,C:/Users/thoma/Documents/Thesis_new/Thesis/Data acqusition/Screenshots/xcelenergy.png,False
C:/users/thoma/documents/thesis_new/thesis/data acqusition/screenshots/xpo,C:/Users/thoma/Documents/Thesis_new/Thesis/Data acqusition/Screenshots/xpo.png,True
C:/users/thoma/documents/thesis_new/thesis/data acqusition/screenshots/yumchina,C:/Users/thoma/Documents/Thesis_new/Thesis/Data acqusition/Screenshots/yumchina.png,False
C:/users/thoma/documents/thesis_new/thesis/data acqusition/screenshots/zoetis,C:/Users/thoma/Documents/Thesis_new/Thesis/Data acqusition/Screenshots/zoetis.png,True
